"TimePeriod","GeoTypeDesc","GeoID","GeoRank","BoroID","Borough","Geography","Area","Number","Estimated annual rate per 10,000","Age-adjusted rate per 10,000"
"2023","UHF 42","107","4","1","Bronx","Hunts Point - Mott Haven","Hunts Point - Mott Haven  Bronx","1,961","192.3","193.5"
"2023","UHF 42","106","4","1","Bronx","High Bridge - Morrisania","High Bridge - Morrisania  Bronx","2,717","178.0","179.0"
"2023","UHF 42","303","4","3","Manhattan","East Harlem","East Harlem  Manhattan","1,539","173.2","176.2"
"2023","UHF 42","105","4","1","Bronx","Crotona - Tremont","Crotona - Tremont  Bronx","2,588","171.9","171.0"
"2023","UHF 42","302","4","3","Manhattan","Central Harlem - Morningside Heights","Central Harlem - Morningside Heights  Manhattan","2,333","157.7","157.9"
"2023","UHF 42","103","4","1","Bronx","Fordham - Bronx Pk","Fordham - Bronx Pk  Bronx","2,443","132.4","132.3"
"2023","UHF 42","204","4","2","Brooklyn","East New York","East New York  Brooklyn","1,791","121.3","123.3"
"2023","UHF 42","203","4","2","Brooklyn","Bedford Stuyvesant - Crown Heights","Bedford Stuyvesant - Crown Heights  Brooklyn","3,089","114.4","116.5"
"2023","UHF 42","102","4","1","Bronx","Northeast Bronx","Northeast Bronx  Bronx","1,625","104.6","112.8"
"2023","UHF 42","104","4","1","Bronx","Pelham - Throgs Neck","Pelham - Throgs Neck  Bronx","2,176","98.3","100.0"
"2023","UHF 42","410","4","4","Queens","Rockaways","Rockaways  Queens","838","85.1","92.3"
"2023","UHF 42","211","4","2","Brooklyn","Williamsburg - Bushwick","Williamsburg - Bushwick  Brooklyn","1,525","91.0","92.1"
"2023","UHF 42","207","4","2","Brooklyn","East Flatbush - Flatbush","East Flatbush - Flatbush  Brooklyn","1,992","86.3","89.4"
"2023","UHF 42","501","4","5","Staten Island","Port Richmond","Port Richmond  Staten Island","442","82.3","84.5"
"2023","UHF 42","208","4","2","Brooklyn","Canarsie - Flatlands","Canarsie - Flatlands  Brooklyn","1,041","66.0","71.5"
"2023","UHF 42","502","4","5","Staten Island","Stapleton - St. George","Stapleton - St. George  Staten Island","659","64.7","66.9"
"2023","UHF 42","408","4","4","Queens","Jamaica","Jamaica  Queens","1,358","53.7","55.8"
"2023","UHF 42","301","4","3","Manhattan","Washington Heights","Washington Heights  Manhattan","1,082","52.0","52.6"
"2023","UHF 42","101","4","1","Bronx","Kingsbridge - Riverdale","Kingsbridge - Riverdale  Bronx","320","44.8","47.6"
"2023","UHF 42","202","4","2","Brooklyn","Downtown - Heights - Slope","Downtown - Heights - Slope  Brooklyn","918","42.8","45.8"
"2023","UHF 42","309","4","3","Manhattan","Union Square - Lower East Side","Union Square - Lower East Side  Manhattan","718","43.7","44.6"
"2023","UHF 42","407","4","4","Queens","Southwest Queens","Southwest Queens  Queens","843","39.5","40.3"
"2023","UHF 42","401","4","4","Queens","Long Island City - Astoria","Long Island City - Astoria  Queens","641","38.0","39.1"
"2023","UHF 42","409","4","4","Queens","Southeast Queens","Southeast Queens  Queens","638","37.1","39.0"
"2023","UHF 42","201","4","2","Brooklyn","Greenpoint","Greenpoint  Brooklyn","385","34.3","38.5"
"2023","UHF 42","205","4","2","Brooklyn","Sunset Park","Sunset Park  Brooklyn","325","35.6","36.2"
"2023","UHF 42","210","4","2","Brooklyn","Coney Island - Sheepshead Bay","Coney Island - Sheepshead Bay  Brooklyn","699","30.9","34.5"
"2023","UHF 42","306","4","3","Manhattan","Chelsea - Clinton","Chelsea - Clinton  Manhattan","451","31.3","33.0"
"2023","UHF 42","402","4","4","Queens","West Queens","West Queens  Queens","1,067","29.7","30.4"
"2023","UHF 42","304","4","3","Manhattan","Upper West Side","Upper West Side  Manhattan","489","25.2","27.0"
"2023","UHF 42","503","4","5","Staten Island","Willowbrook","Willowbrook  Staten Island","181","23.8","26.1"
"2023","UHF 42","405","4","4","Queens","Ridgewood - Forest Hills","Ridgewood - Forest Hills  Queens","505","24.6","25.9"
"2023","UHF 42","406","4","4","Queens","Fresh Meadows","Fresh Meadows  Queens","179","22.8","23.9"
"2023","UHF 42","310","4","3","Manhattan","Lower Manhattan","Lower Manhattan  Manhattan","110","20.2","22.5"
"2023","UHF 42","206","4","2","Brooklyn","Borough Park","Borough Park  Brooklyn","462","20.0","20.7"
"2023","UHF 42","504","4","5","Staten Island","South Beach - Tottenville","South Beach - Tottenville  Staten Island","289","18.7","20.1"
"2023","UHF 42","307","4","3","Manhattan","Gramercy Park - Murray Hill","Gramercy Park - Murray Hill  Manhattan","226","18.4","19.5"
"2023","UHF 42","403","4","4","Queens","Flushing - Clearview","Flushing - Clearview  Queens","354","17.0","19.2"
"2023","UHF 42","404","4","4","Queens","Bayside - Little Neck","Bayside - Little Neck  Queens","134","18.5","19.2"
"2023","UHF 42","209","4","2","Brooklyn","Bensonhurst - Bay Ridge","Bensonhurst - Bay Ridge  Brooklyn","270","16.8","17.9"
"2023","UHF 42","305","4","3","Manhattan","Upper East Side","Upper East Side  Manhattan","246","13.8","14.5"
"2023","UHF 42","308","4","3","Manhattan","Greenwich Village - SoHo","Greenwich Village - SoHo  Manhattan","56","8.0","7.7"
"2022","UHF 42","107","4","1","Bronx","Hunts Point - Mott Haven","Hunts Point - Mott Haven  Bronx","1,903","183.9","184.4"
"2022","UHF 42","106","4","1","Bronx","High Bridge - Morrisania","High Bridge - Morrisania  Bronx","2,604","168.0","168.4"
"2022","UHF 42","303","4","3","Manhattan","East Harlem","East Harlem  Manhattan","1,446","163.1","165.8"
"2022","UHF 42","105","4","1","Bronx","Crotona - Tremont","Crotona - Tremont  Bronx","2,461","160.8","160.2"
"2022","UHF 42","302","4","3","Manhattan","Central Harlem - Morningside Heights","Central Harlem - Morningside Heights  Manhattan","2,128","143.9","143.9"
"2022","UHF 42","103","4","1","Bronx","Fordham - Bronx Pk","Fordham - Bronx Pk  Bronx","2,019","107.6","107.2"
"2022","UHF 42","204","4","2","Brooklyn","East New York","East New York  Brooklyn","1,506","100.8","101.7"
"2022","UHF 42","102","4","1","Bronx","Northeast Bronx","Northeast Bronx  Bronx","1,485","94.4","99.8"
"2022","UHF 42","203","4","2","Brooklyn","Bedford Stuyvesant - Crown Heights","Bedford Stuyvesant - Crown Heights  Brooklyn","2,657","97.5","98.9"
"2022","UHF 42","211","4","2","Brooklyn","Williamsburg - Bushwick","Williamsburg - Bushwick  Brooklyn","1,500","89.0","91.3"
"2022","UHF 42","410","4","4","Queens","Rockaways","Rockaways  Queens","760","76.3","83.0"
"2022","UHF 42","104","4","1","Bronx","Pelham - Throgs Neck","Pelham - Throgs Neck  Bronx","1,810","80.6","82.3"
"2022","UHF 42","501","4","5","Staten Island","Port Richmond","Port Richmond  Staten Island","423","78.8","79.5"
"2022","UHF 42","207","4","2","Brooklyn","East Flatbush - Flatbush","East Flatbush - Flatbush  Brooklyn","1,690","72.5","75.3"
"2022","UHF 42","502","4","5","Staten Island","Stapleton - St. George","Stapleton - St. George  Staten Island","595","58.7","61.0"
"2022","UHF 42","208","4","2","Brooklyn","Canarsie - Flatlands","Canarsie - Flatlands  Brooklyn","887","55.5","59.8"
"2022","UHF 42","408","4","4","Queens","Jamaica","Jamaica  Queens","1,263","49.5","51.6"
"2022","UHF 42","301","4","3","Manhattan","Washington Heights","Washington Heights  Manhattan","1,006","48.5","49.1"
"2022","UHF 42","101","4","1","Bronx","Kingsbridge - Riverdale","Kingsbridge - Riverdale  Bronx","302","41.6","43.9"
"2022","UHF 42","202","4","2","Brooklyn","Downtown - Heights - Slope","Downtown - Heights - Slope  Brooklyn","826","38.4","40.9"
"2022","UHF 42","309","4","3","Manhattan","Union Square - Lower East Side","Union Square - Lower East Side  Manhattan","624","38.4","38.9"
"2022","UHF 42","201","4","2","Brooklyn","Greenpoint","Greenpoint  Brooklyn","351","31.2","35.0"
"2022","UHF 42","205","4","2","Brooklyn","Sunset Park","Sunset Park  Brooklyn","308","33.6","34.2"
"2022","UHF 42","407","4","4","Queens","Southwest Queens","Southwest Queens  Queens","711","33.0","33.7"
"2022","UHF 42","306","4","3","Manhattan","Chelsea - Clinton","Chelsea - Clinton  Manhattan","461","32.2","33.6"
"2022","UHF 42","401","4","4","Queens","Long Island City - Astoria","Long Island City - Astoria  Queens","537","31.5","32.6"
"2022","UHF 42","409","4","4","Queens","Southeast Queens","Southeast Queens  Queens","525","30.3","32.2"
"2022","UHF 42","210","4","2","Brooklyn","Coney Island - Sheepshead Bay","Coney Island - Sheepshead Bay  Brooklyn","658","29.0","32.0"
"2022","UHF 42","304","4","3","Manhattan","Upper West Side","Upper West Side  Manhattan","425","22.0","24.3"
"2022","UHF 42","310","4","3","Manhattan","Lower Manhattan","Lower Manhattan  Manhattan","115","21.4","24.0"
"2022","UHF 42","402","4","4","Queens","West Queens","West Queens  Queens","801","22.2","22.8"
"2022","UHF 42","503","4","5","Staten Island","Willowbrook","Willowbrook  Staten Island","146","19.3","21.0"
"2022","UHF 42","405","4","4","Queens","Ridgewood - Forest Hills","Ridgewood - Forest Hills  Queens","375","18.1","19.5"
"2022","UHF 42","406","4","4","Queens","Fresh Meadows","Fresh Meadows  Queens","139","17.6","18.8"
"2022","UHF 42","206","4","2","Brooklyn","Borough Park","Borough Park  Brooklyn","397","17.2","17.5"
"2022","UHF 42","307","4","3","Manhattan","Gramercy Park - Murray Hill","Gramercy Park - Murray Hill  Manhattan","185","15.3","16.3"
"2022","UHF 42","305","4","3","Manhattan","Upper East Side","Upper East Side  Manhattan","254","14.3","15.5"
"2022","UHF 42","504","4","5","Staten Island","South Beach - Tottenville","South Beach - Tottenville  Staten Island","228","14.7","15.5"
"2022","UHF 42","209","4","2","Brooklyn","Bensonhurst - Bay Ridge","Bensonhurst - Bay Ridge  Brooklyn","218","13.6","14.4"
"2022","UHF 42","403","4","4","Queens","Flushing - Clearview","Flushing - Clearview  Queens","233","11.2","12.7"
"2022","UHF 42","404","4","4","Queens","Bayside - Little Neck","Bayside - Little Neck  Queens","72","9.9","10.2"
"2022","UHF 42","308","4","3","Manhattan","Greenwich Village - SoHo","Greenwich Village - SoHo  Manhattan","61","8.7","8.9"
"2021","UHF 42","303","4","3","Manhattan","East Harlem","East Harlem  Manhattan","1,355","150.7","152.6"
"2021","UHF 42","107","4","1","Bronx","Hunts Point - Mott Haven","Hunts Point - Mott Haven  Bronx","1,499","145.9","145.9"
"2021","UHF 42","105","4","1","Bronx","Crotona - Tremont","Crotona - Tremont  Bronx","2,190","140.9","140.3"
"2021","UHF 42","106","4","1","Bronx","High Bridge - Morrisania","High Bridge - Morrisania  Bronx","2,159","136.7","136.5"
"2021","UHF 42","302","4","3","Manhattan","Central Harlem - Morningside Heights","Central Harlem - Morningside Heights  Manhattan","1,991","136.6","136.2"
"2021","UHF 42","102","4","1","Bronx","Northeast Bronx","Northeast Bronx  Bronx","1,266","78.2","82.9"
"2021","UHF 42","211","4","2","Brooklyn","Williamsburg - Bushwick","Williamsburg - Bushwick  Brooklyn","1,335","77.8","80.1"
"2021","UHF 42","203","4","2","Brooklyn","Bedford Stuyvesant - Crown Heights","Bedford Stuyvesant - Crown Heights  Brooklyn","2,081","76.0","77.0"
"2021","UHF 42","501","4","5","Staten Island","Port Richmond","Port Richmond  Staten Island","404","75.2","75.0"
"2021","UHF 42","103","4","1","Bronx","Fordham - Bronx Pk","Fordham - Bronx Pk  Bronx","1,489","75.7","74.9"
"2021","UHF 42","410","4","4","Queens","Rockaways","Rockaways  Queens","699","69.5","74.9"
"2021","UHF 42","204","4","2","Brooklyn","East New York","East New York  Brooklyn","1,065","70.4","70.6"
"2021","UHF 42","104","4","1","Bronx","Pelham - Throgs Neck","Pelham - Throgs Neck  Bronx","1,593","69.6","70.3"
"2021","UHF 42","207","4","2","Brooklyn","East Flatbush - Flatbush","East Flatbush - Flatbush  Brooklyn","1,497","63.1","65.4"
"2021","UHF 42","502","4","5","Staten Island","Stapleton - St. George","Stapleton - St. George  Staten Island","467","45.7","48.4"
"2021","UHF 42","408","4","4","Queens","Jamaica","Jamaica  Queens","1,214","46.4","48.3"
"2021","UHF 42","208","4","2","Brooklyn","Canarsie - Flatlands","Canarsie - Flatlands  Brooklyn","657","39.8","42.0"
"2021","UHF 42","301","4","3","Manhattan","Washington Heights","Washington Heights  Manhattan","909","41.7","42.0"
"2021","UHF 42","309","4","3","Manhattan","Union Square - Lower East Side","Union Square - Lower East Side  Manhattan","607","38.2","39.2"
"2021","UHF 42","306","4","3","Manhattan","Chelsea - Clinton","Chelsea - Clinton  Manhattan","487","35.3","36.5"
"2021","UHF 42","202","4","2","Brooklyn","Downtown - Heights - Slope","Downtown - Heights - Slope  Brooklyn","688","32.0","35.5"
"2021","UHF 42","101","4","1","Bronx","Kingsbridge - Riverdale","Kingsbridge - Riverdale  Bronx","249","33.5","35.2"
"2021","UHF 42","310","4","3","Manhattan","Lower Manhattan","Lower Manhattan  Manhattan","148","28.7","33.1"
"2021","UHF 42","409","4","4","Queens","Southeast Queens","Southeast Queens  Queens","530","29.8","32.8"
"2021","UHF 42","205","4","2","Brooklyn","Sunset Park","Sunset Park  Brooklyn","300","32.1","32.3"
"2021","UHF 42","407","4","4","Queens","Southwest Queens","Southwest Queens  Queens","696","31.2","31.6"
"2021","UHF 42","401","4","4","Queens","Long Island City - Astoria","Long Island City - Astoria  Queens","497","28.9","29.9"
"2021","UHF 42","210","4","2","Brooklyn","Coney Island - Sheepshead Bay","Coney Island - Sheepshead Bay  Brooklyn","535","23.0","25.4"
"2021","UHF 42","402","4","4","Queens","West Queens","West Queens  Queens","842","22.9","23.2"
"2021","UHF 42","201","4","2","Brooklyn","Greenpoint","Greenpoint  Brooklyn","221","20.1","22.6"
"2021","UHF 42","304","4","3","Manhattan","Upper West Side","Upper West Side  Manhattan","356","19.4","21.5"
"2021","UHF 42","503","4","5","Staten Island","Willowbrook","Willowbrook  Staten Island","141","18.6","21.3"
"2021","UHF 42","307","4","3","Manhattan","Gramercy Park - Murray Hill","Gramercy Park - Murray Hill  Manhattan","193","16.3","18.3"
"2021","UHF 42","405","4","4","Queens","Ridgewood - Forest Hills","Ridgewood - Forest Hills  Queens","339","16.1","17.5"
"2021","UHF 42","406","4","4","Queens","Fresh Meadows","Fresh Meadows  Queens","125","16.1","16.8"
"2021","UHF 42","305","4","3","Manhattan","Upper East Side","Upper East Side  Manhattan","208","12.2","13.8"
"2021","UHF 42","504","4","5","Staten Island","South Beach - Tottenville","South Beach - Tottenville  Staten Island","203","13.0","13.8"
"2021","UHF 42","403","4","4","Queens","Flushing - Clearview","Flushing - Clearview  Queens","218","10.3","11.7"
"2021","UHF 42","206","4","2","Brooklyn","Borough Park","Borough Park  Brooklyn","245","10.4","10.7"
"2021","UHF 42","209","4","2","Brooklyn","Bensonhurst - Bay Ridge","Bensonhurst - Bay Ridge  Brooklyn","143","8.6","9.3"
"2021","UHF 42","308","4","3","Manhattan","Greenwich Village - SoHo","Greenwich Village - SoHo  Manhattan","54","8.0","8.0"
"2021","UHF 42","404","4","4","Queens","Bayside - Little Neck","Bayside - Little Neck  Queens","44","5.9","6.0"
"2020","UHF 42","106","4","1","Bronx","High Bridge - Morrisania","High Bridge - Morrisania  Bronx","2,454","151.9","150.5"
"2020","UHF 42","107","4","1","Bronx","Hunts Point - Mott Haven","Hunts Point - Mott Haven  Bronx","1,552","150.0","149.7"
"2020","UHF 42","303","4","3","Manhattan","East Harlem","East Harlem  Manhattan","1,360","147.5","148.7"
"2020","UHF 42","105","4","1","Bronx","Crotona - Tremont","Crotona - Tremont  Bronx","2,046","130.0","129.3"
"2020","UHF 42","302","4","3","Manhattan","Central Harlem - Morningside Heights","Central Harlem - Morningside Heights  Manhattan","1,915","126.3","127.1"
"2020","UHF 42","204","4","2","Brooklyn","East New York","East New York  Brooklyn","1,424","94.3","94.2"
"2020","UHF 42","203","4","2","Brooklyn","Bedford Stuyvesant - Crown Heights","Bedford Stuyvesant - Crown Heights  Brooklyn","2,485","89.6","90.5"
"2020","UHF 42","211","4","2","Brooklyn","Williamsburg - Bushwick","Williamsburg - Bushwick  Brooklyn","1,499","85.3","87.6"
"2020","UHF 42","103","4","1","Bronx","Fordham - Bronx Pk","Fordham - Bronx Pk  Bronx","1,550","76.3","75.6"
"2020","UHF 42","501","4","5","Staten Island","Port Richmond","Port Richmond  Staten Island","380","71.1","71.4"
"2020","UHF 42","102","4","1","Bronx","Northeast Bronx","Northeast Bronx  Bronx","1,039","62.6","67.0"
"2020","UHF 42","104","4","1","Bronx","Pelham - Throgs Neck","Pelham - Throgs Neck  Bronx","1,554","65.3","65.6"
"2020","UHF 42","410","4","4","Queens","Rockaways","Rockaways  Queens","625","60.6","64.3"
"2020","UHF 42","207","4","2","Brooklyn","East Flatbush - Flatbush","East Flatbush - Flatbush  Brooklyn","1,350","55.4","57.1"
"2020","UHF 42","502","4","5","Staten Island","Stapleton - St. George","Stapleton - St. George  Staten Island","523","51.4","53.2"
"2020","UHF 42","208","4","2","Brooklyn","Canarsie - Flatlands","Canarsie - Flatlands  Brooklyn","850","50.6","52.4"
"2020","UHF 42","408","4","4","Queens","Jamaica","Jamaica  Queens","1,191","45.3","46.3"
"2020","UHF 42","309","4","3","Manhattan","Union Square - Lower East Side","Union Square - Lower East Side  Manhattan","633","37.0","38.0"
"2020","UHF 42","202","4","2","Brooklyn","Downtown - Heights - Slope","Downtown - Heights - Slope  Brooklyn","719","31.8","35.7"
"2020","UHF 42","306","4","3","Manhattan","Chelsea - Clinton","Chelsea - Clinton  Manhattan","462","30.9","32.7"
"2020","UHF 42","301","4","3","Manhattan","Washington Heights","Washington Heights  Manhattan","704","31.1","31.4"
"2020","UHF 42","409","4","4","Queens","Southeast Queens","Southeast Queens  Queens","451","25.0","26.8"
"2020","UHF 42","205","4","2","Brooklyn","Sunset Park","Sunset Park  Brooklyn","245","25.5","26.4"
"2020","UHF 42","407","4","4","Queens","Southwest Queens","Southwest Queens  Queens","586","26.1","26.2"
"2020","UHF 42","401","4","4","Queens","Long Island City - Astoria","Long Island City - Astoria  Queens","434","24.1","25.9"
"2020","UHF 42","101","4","1","Bronx","Kingsbridge - Riverdale","Kingsbridge - Riverdale  Bronx","189","24.7","25.4"
"2020","UHF 42","201","4","2","Brooklyn","Greenpoint","Greenpoint  Brooklyn","247","21.3","25.0"
"2020","UHF 42","310","4","3","Manhattan","Lower Manhattan","Lower Manhattan  Manhattan","117","20.9","24.5"
"2020","UHF 42","503","4","5","Staten Island","Willowbrook","Willowbrook  Staten Island","156","20.7","23.1"
"2020","UHF 42","210","4","2","Brooklyn","Coney Island - Sheepshead Bay","Coney Island - Sheepshead Bay  Brooklyn","527","21.8","22.9"
"2020","UHF 42","304","4","3","Manhattan","Upper West Side","Upper West Side  Manhattan","404","20.7","21.2"
"2020","UHF 42","402","4","4","Queens","West Queens","West Queens  Queens","698","18.5","18.7"
"2020","UHF 42","405","4","4","Queens","Ridgewood - Forest Hills","Ridgewood - Forest Hills  Queens","382","17.4","18.3"
"2020","UHF 42","406","4","4","Queens","Fresh Meadows","Fresh Meadows  Queens","131","16.2","17.7"
"2020","UHF 42","504","4","5","Staten Island","South Beach - Tottenville","South Beach - Tottenville  Staten Island","207","13.1","14.0"
"2020","UHF 42","307","4","3","Manhattan","Gramercy Park - Murray Hill","Gramercy Park - Murray Hill  Manhattan","161","12.5","13.2"
"2020","UHF 42","305","4","3","Manhattan","Upper East Side","Upper East Side  Manhattan","199","10.4","11.7"
"2020","UHF 42","308","4","3","Manhattan","Greenwich Village - SoHo","Greenwich Village - SoHo  Manhattan","80","10.8","10.8"
"2020","UHF 42","403","4","4","Queens","Flushing - Clearview","Flushing - Clearview  Queens","204","9.3","10.4"
"2020","UHF 42","206","4","2","Brooklyn","Borough Park","Borough Park  Brooklyn","249","10.2","10.3"
"2020","UHF 42","209","4","2","Brooklyn","Bensonhurst - Bay Ridge","Bensonhurst - Bay Ridge  Brooklyn","171","9.9","10.0"
"2020","UHF 42","404","4","4","Queens","Bayside - Little Neck","Bayside - Little Neck  Queens","32","4.2","4.3"
"2019","UHF 42","107","4","1","Bronx","Hunts Point - Mott Haven","Hunts Point - Mott Haven  Bronx","2,534","237.5","237.1"
"2019","UHF 42","303","4","3","Manhattan","East Harlem","East Harlem  Manhattan","2,176","230.9","234.4"
"2019","UHF 42","106","4","1","Bronx","High Bridge - Morrisania","High Bridge - Morrisania  Bronx","3,682","222.3","219.3"
"2019","UHF 42","302","4","3","Manhattan","Central Harlem - Morningside Heights","Central Harlem - Morningside Heights  Manhattan","3,235","209.3","211.0"
"2019","UHF 42","105","4","1","Bronx","Crotona - Tremont","Crotona - Tremont  Bronx","3,138","191.5","189.2"
"2019","UHF 42","204","4","2","Brooklyn","East New York","East New York  Brooklyn","2,381","160.4","160.1"
"2019","UHF 42","211","4","2","Brooklyn","Williamsburg - Bushwick","Williamsburg - Bushwick  Brooklyn","2,322","133.4","138.3"
"2019","UHF 42","203","4","2","Brooklyn","Bedford Stuyvesant - Crown Heights","Bedford Stuyvesant - Crown Heights  Brooklyn","3,640","133.0","134.9"
"2019","UHF 42","103","4","1","Bronx","Fordham - Bronx Pk","Fordham - Bronx Pk  Bronx","2,597","125.2","123.8"
"2019","UHF 42","102","4","1","Bronx","Northeast Bronx","Northeast Bronx  Bronx","1,999","118.2","123.6"
"2019","UHF 42","501","4","5","Staten Island","Port Richmond","Port Richmond  Staten Island","656","120.2","119.9"
"2019","UHF 42","410","4","4","Queens","Rockaways","Rockaways  Queens","1,008","99.4","103.9"
"2019","UHF 42","104","4","1","Bronx","Pelham - Throgs Neck","Pelham - Throgs Neck  Bronx","2,463","101.7","102.3"
"2019","UHF 42","207","4","2","Brooklyn","East Flatbush - Flatbush","East Flatbush - Flatbush  Brooklyn","2,206","90.1","92.1"
"2019","UHF 42","502","4","5","Staten Island","Stapleton - St. George","Stapleton - St. George  Staten Island","835","81.0","86.3"
"2019","UHF 42","208","4","2","Brooklyn","Canarsie - Flatlands","Canarsie - Flatlands  Brooklyn","1,340","78.7","81.3"
"2019","UHF 42","408","4","4","Queens","Jamaica","Jamaica  Queens","1,898","72.0","72.8"
"2019","UHF 42","309","4","3","Manhattan","Union Square - Lower East Side","Union Square - Lower East Side  Manhattan","1,135","65.5","67.3"
"2019","UHF 42","202","4","2","Brooklyn","Downtown - Heights - Slope","Downtown - Heights - Slope  Brooklyn","1,131","51.1","57.2"
"2019","UHF 42","301","4","3","Manhattan","Washington Heights","Washington Heights  Manhattan","1,279","55.3","55.6"
"2019","UHF 42","310","4","3","Manhattan","Lower Manhattan","Lower Manhattan  Manhattan","235","40.0","47.7"
"2019","UHF 42","409","4","4","Queens","Southeast Queens","Southeast Queens  Queens","810","44.7","47.6"
"2019","UHF 42","407","4","4","Queens","Southwest Queens","Southwest Queens  Queens","1,026","45.1","45.3"
"2019","UHF 42","401","4","4","Queens","Long Island City - Astoria","Long Island City - Astoria  Queens","740","41.3","44.6"
"2019","UHF 42","101","4","1","Bronx","Kingsbridge - Riverdale","Kingsbridge - Riverdale  Bronx","331","42.0","44.0"
"2019","UHF 42","201","4","2","Brooklyn","Greenpoint","Greenpoint  Brooklyn","429","36.6","43.2"
"2019","UHF 42","210","4","2","Brooklyn","Coney Island - Sheepshead Bay","Coney Island - Sheepshead Bay  Brooklyn","977","40.3","43.2"
"2019","UHF 42","306","4","3","Manhattan","Chelsea - Clinton","Chelsea - Clinton  Manhattan","650","41.1","43.2"
"2019","UHF 42","205","4","2","Brooklyn","Sunset Park","Sunset Park  Brooklyn","395","40.7","41.9"
"2019","UHF 42","304","4","3","Manhattan","Upper West Side","Upper West Side  Manhattan","762","38.9","41.3"
"2019","UHF 42","402","4","4","Queens","West Queens","West Queens  Queens","1,249","33.2","33.6"
"2019","UHF 42","503","4","5","Staten Island","Willowbrook","Willowbrook  Staten Island","240","31.3","33.0"
"2019","UHF 42","406","4","4","Queens","Fresh Meadows","Fresh Meadows  Queens","234","28.5","29.1"
"2019","UHF 42","405","4","4","Queens","Ridgewood - Forest Hills","Ridgewood - Forest Hills  Queens","606","27.6","28.9"
"2019","UHF 42","307","4","3","Manhattan","Gramercy Park - Murray Hill","Gramercy Park - Murray Hill  Manhattan","297","22.6","24.7"
"2019","UHF 42","206","4","2","Brooklyn","Borough Park","Borough Park  Brooklyn","520","21.6","21.7"
"2019","UHF 42","209","4","2","Brooklyn","Bensonhurst - Bay Ridge","Bensonhurst - Bay Ridge  Brooklyn","357","20.8","21.0"
"2019","UHF 42","504","4","5","Staten Island","South Beach - Tottenville","South Beach - Tottenville  Staten Island","304","18.9","19.7"
"2019","UHF 42","403","4","4","Queens","Flushing - Clearview","Flushing - Clearview  Queens","395","18.1","19.6"
"2019","UHF 42","305","4","3","Manhattan","Upper East Side","Upper East Side  Manhattan","316","16.4","19.4"
"2019","UHF 42","308","4","3","Manhattan","Greenwich Village - SoHo","Greenwich Village - SoHo  Manhattan","97","12.6","12.9"
"2019","UHF 42","404","4","4","Queens","Bayside - Little Neck","Bayside - Little Neck  Queens","83","11.1","11.7"
"2018","UHF 42","303","4","3","Manhattan","East Harlem","East Harlem  Manhattan","2,399","263.6","262.4"
"2018","UHF 42","107","4","1","Bronx","Hunts Point - Mott Haven","Hunts Point - Mott Haven  Bronx","2,629","258.1","256.0"
"2018","UHF 42","106","4","1","Bronx","High Bridge - Morrisania","High Bridge - Morrisania  Bronx","3,832","241.8","235.8"
"2018","UHF 42","105","4","1","Bronx","Crotona - Tremont","Crotona - Tremont  Bronx","3,512","228.2","224.2"
"2018","UHF 42","302","4","3","Manhattan","Central Harlem - Morningside Heights","Central Harlem - Morningside Heights  Manhattan","3,233","221.8","218.6"
"2018","UHF 42","204","4","2","Brooklyn","East New York","East New York  Brooklyn","2,561","185.1","183.1"
"2018","UHF 42","203","4","2","Brooklyn","Bedford Stuyvesant - Crown Heights","Bedford Stuyvesant - Crown Heights  Brooklyn","4,414","173.2","175.2"
"2018","UHF 42","211","4","2","Brooklyn","Williamsburg - Bushwick","Williamsburg - Bushwick  Brooklyn","2,469","149.3","158.7"
"2018","UHF 42","103","4","1","Bronx","Fordham - Bronx Pk","Fordham - Bronx Pk  Bronx","3,067","155.3","155.8"
"2018","UHF 42","501","4","5","Staten Island","Port Richmond","Port Richmond  Staten Island","690","137.2","135.3"
"2018","UHF 42","102","4","1","Bronx","Northeast Bronx","Northeast Bronx  Bronx","1,957","122.1","125.7"
"2018","UHF 42","207","4","2","Brooklyn","East Flatbush - Flatbush","East Flatbush - Flatbush  Brooklyn","2,608","111.2","117.5"
"2018","UHF 42","104","4","1","Bronx","Pelham - Throgs Neck","Pelham - Throgs Neck  Bronx","2,572","110.6","112.1"
"2018","UHF 42","410","4","4","Queens","Rockaways","Rockaways  Queens","983","104.6","110.4"
"2018","UHF 42","502","4","5","Staten Island","Stapleton - St. George","Stapleton - St. George  Staten Island","864","89.0","95.5"
"2018","UHF 42","208","4","2","Brooklyn","Canarsie - Flatlands","Canarsie - Flatlands  Brooklyn","1,304","80.3","84.2"
"2018","UHF 42","309","4","3","Manhattan","Union Square - Lower East Side","Union Square - Lower East Side  Manhattan","1,253","76.2","78.8"
"2018","UHF 42","301","4","3","Manhattan","Washington Heights","Washington Heights  Manhattan","1,629","73.6","75.3"
"2018","UHF 42","202","4","2","Brooklyn","Downtown - Heights - Slope","Downtown - Heights - Slope  Brooklyn","1,336","63.9","71.3"
"2018","UHF 42","408","4","4","Queens","Jamaica","Jamaica  Queens","1,555","62.5","62.3"
"2018","UHF 42","101","4","1","Bronx","Kingsbridge - Riverdale","Kingsbridge - Riverdale  Bronx","412","55.0","60.2"
"2018","UHF 42","310","4","3","Manhattan","Lower Manhattan","Lower Manhattan  Manhattan","247","47.7","56.7"
"2018","UHF 42","304","4","3","Manhattan","Upper West Side","Upper West Side  Manhattan","982","52.8","56.0"
"2018","UHF 42","306","4","3","Manhattan","Chelsea - Clinton","Chelsea - Clinton  Manhattan","688","47.0","52.2"
"2018","UHF 42","201","4","2","Brooklyn","Greenpoint","Greenpoint  Brooklyn","458","42.6","51.5"
"2018","UHF 42","401","4","4","Queens","Long Island City - Astoria","Long Island City - Astoria  Queens","825","46.7","51.3"
"2018","UHF 42","210","4","2","Brooklyn","Coney Island - Sheepshead Bay","Coney Island - Sheepshead Bay  Brooklyn","1,059","45.8","47.3"
"2018","UHF 42","205","4","2","Brooklyn","Sunset Park","Sunset Park  Brooklyn","429","45.3","46.8"
"2018","UHF 42","407","4","4","Queens","Southwest Queens","Southwest Queens  Queens","987","45.3","45.4"
"2018","UHF 42","409","4","4","Queens","Southeast Queens","Southeast Queens  Queens","721","42.1","43.9"
"2018","UHF 42","503","4","5","Staten Island","Willowbrook","Willowbrook  Staten Island","281","38.3","42.1"
"2018","UHF 42","307","4","3","Manhattan","Gramercy Park - Murray Hill","Gramercy Park - Murray Hill  Manhattan","401","33.4","39.3"
"2018","UHF 42","402","4","4","Queens","West Queens","West Queens  Queens","1,347","37.5","37.8"
"2018","UHF 42","406","4","4","Queens","Fresh Meadows","Fresh Meadows  Queens","253","32.2","33.8"
"2018","UHF 42","405","4","4","Queens","Ridgewood - Forest Hills","Ridgewood - Forest Hills  Queens","645","31.3","32.9"
"2018","UHF 42","206","4","2","Brooklyn","Borough Park","Borough Park  Brooklyn","653","28.0","28.3"
"2018","UHF 42","504","4","5","Staten Island","South Beach - Tottenville","South Beach - Tottenville  Staten Island","375","24.6","26.6"
"2018","UHF 42","209","4","2","Brooklyn","Bensonhurst - Bay Ridge","Bensonhurst - Bay Ridge  Brooklyn","337","20.5","20.9"
"2018","UHF 42","403","4","4","Queens","Flushing - Clearview","Flushing - Clearview  Queens","410","19.6","20.5"
"2018","UHF 42","305","4","3","Manhattan","Upper East Side","Upper East Side  Manhattan","299","16.3","18.0"
"2018","UHF 42","308","4","3","Manhattan","Greenwich Village - SoHo","Greenwich Village - SoHo  Manhattan","102","14.0","14.3"
"2018","UHF 42","404","4","4","Queens","Bayside - Little Neck","Bayside - Little Neck  Queens","92","12.9","14.0"
"2017","UHF 42","303","4","3","Manhattan","East Harlem","East Harlem  Manhattan","2,440","260.8","263.5"
"2017","UHF 42","107","4","1","Bronx","Hunts Point - Mott Haven","Hunts Point - Mott Haven  Bronx","2,788","263.0","260.2"
"2017","UHF 42","106","4","1","Bronx","High Bridge - Morrisania","High Bridge - Morrisania  Bronx","3,882","235.8","231.8"
"2017","UHF 42","302","4","3","Manhattan","Central Harlem - Morningside Heights","Central Harlem - Morningside Heights  Manhattan","3,217","209.3","209.5"
"2017","UHF 42","105","4","1","Bronx","Crotona - Tremont","Crotona - Tremont  Bronx","3,236","198.5","197.5"
"2017","UHF 42","204","4","2","Brooklyn","East New York","East New York  Brooklyn","2,464","165.1","163.7"
"2017","UHF 42","211","4","2","Brooklyn","Williamsburg - Bushwick","Williamsburg - Bushwick  Brooklyn","2,550","146.3","152.8"
"2017","UHF 42","203","4","2","Brooklyn","Bedford Stuyvesant - Crown Heights","Bedford Stuyvesant - Crown Heights  Brooklyn","4,109","149.9","150.4"
"2017","UHF 42","103","4","1","Bronx","Fordham - Bronx Pk","Fordham - Bronx Pk  Bronx","2,835","137.1","135.0"
"2017","UHF 42","102","4","1","Bronx","Northeast Bronx","Northeast Bronx  Bronx","1,900","112.8","117.7"
"2017","UHF 42","104","4","1","Bronx","Pelham - Throgs Neck","Pelham - Throgs Neck  Bronx","2,618","108.4","108.1"
"2017","UHF 42","501","4","5","Staten Island","Port Richmond","Port Richmond  Staten Island","577","107.9","107.3"
"2017","UHF 42","207","4","2","Brooklyn","East Flatbush - Flatbush","East Flatbush - Flatbush  Brooklyn","2,412","98.4","100.3"
"2017","UHF 42","410","4","4","Queens","Rockaways","Rockaways  Queens","982","96.0","99.1"
"2017","UHF 42","502","4","5","Staten Island","Stapleton - St. George","Stapleton - St. George  Staten Island","834","82.8","85.7"
"2017","UHF 42","208","4","2","Brooklyn","Canarsie - Flatlands","Canarsie - Flatlands  Brooklyn","1,318","77.2","80.3"
"2017","UHF 42","408","4","4","Queens","Jamaica","Jamaica  Queens","1,925","73.1","73.7"
"2017","UHF 42","301","4","3","Manhattan","Washington Heights","Washington Heights  Manhattan","1,675","72.8","73.1"
"2017","UHF 42","309","4","3","Manhattan","Union Square - Lower East Side","Union Square - Lower East Side  Manhattan","1,193","70.0","70.6"
"2017","UHF 42","202","4","2","Brooklyn","Downtown - Heights - Slope","Downtown - Heights - Slope  Brooklyn","1,238","56.4","63.9"
"2017","UHF 42","304","4","3","Manhattan","Upper West Side","Upper West Side  Manhattan","1,084","56.1","58.6"
"2017","UHF 42","401","4","4","Queens","Long Island City - Astoria","Long Island City - Astoria  Queens","903","49.6","53.5"
"2017","UHF 42","101","4","1","Bronx","Kingsbridge - Riverdale","Kingsbridge - Riverdale  Bronx","394","49.6","52.1"
"2017","UHF 42","210","4","2","Brooklyn","Coney Island - Sheepshead Bay","Coney Island - Sheepshead Bay  Brooklyn","1,140","47.5","50.3"
"2017","UHF 42","409","4","4","Queens","Southeast Queens","Southeast Queens  Queens","845","46.7","49.6"
"2017","UHF 42","407","4","4","Queens","Southwest Queens","Southwest Queens  Queens","1,127","49.4","49.5"
"2017","UHF 42","205","4","2","Brooklyn","Sunset Park","Sunset Park  Brooklyn","450","46.6","48.3"
"2017","UHF 42","201","4","2","Brooklyn","Greenpoint","Greenpoint  Brooklyn","462","39.9","46.5"
"2017","UHF 42","306","4","3","Manhattan","Chelsea - Clinton","Chelsea - Clinton  Manhattan","675","43.7","46.0"
"2017","UHF 42","310","4","3","Manhattan","Lower Manhattan","Lower Manhattan  Manhattan","216","37.8","43.1"
"2017","UHF 42","402","4","4","Queens","West Queens","West Queens  Queens","1,363","36.1","36.2"
"2017","UHF 42","406","4","4","Queens","Fresh Meadows","Fresh Meadows  Queens","270","32.8","33.7"
"2017","UHF 42","503","4","5","Staten Island","Willowbrook","Willowbrook  Staten Island","239","32.1","33.2"
"2017","UHF 42","307","4","3","Manhattan","Gramercy Park - Murray Hill","Gramercy Park - Murray Hill  Manhattan","378","29.2","31.1"
"2017","UHF 42","405","4","4","Queens","Ridgewood - Forest Hills","Ridgewood - Forest Hills  Queens","647","29.2","30.6"
"2017","UHF 42","504","4","5","Staten Island","South Beach - Tottenville","South Beach - Tottenville  Staten Island","362","22.6","24.0"
"2017","UHF 42","403","4","4","Queens","Flushing - Clearview","Flushing - Clearview  Queens","454","20.9","21.8"
"2017","UHF 42","206","4","2","Brooklyn","Borough Park","Borough Park  Brooklyn","493","20.7","20.7"
"2017","UHF 42","209","4","2","Brooklyn","Bensonhurst - Bay Ridge","Bensonhurst - Bay Ridge  Brooklyn","302","17.7","18.1"
"2017","UHF 42","305","4","3","Manhattan","Upper East Side","Upper East Side  Manhattan","280","14.7","16.6"
"2017","UHF 42","404","4","4","Queens","Bayside - Little Neck","Bayside - Little Neck  Queens","97","12.9","13.3"
"2017","UHF 42","308","4","3","Manhattan","Greenwich Village - SoHo","Greenwich Village - SoHo  Manhattan","79","10.4","10.6"
"2016","UHF 42","303","4","3","Manhattan","East Harlem","East Harlem  Manhattan","2,806","314.5","317.4"
"2016","UHF 42","107","4","1","Bronx","Hunts Point - Mott Haven","Hunts Point - Mott Haven  Bronx","3,244","309.5","309.1"
"2016","UHF 42","106","4","1","Bronx","High Bridge - Morrisania","High Bridge - Morrisania  Bronx","4,507","280.4","275.3"
"2016","UHF 42","302","4","3","Manhattan","Central Harlem - Morningside Heights","Central Harlem - Morningside Heights  Manhattan","3,761","266.5","269.4"
"2016","UHF 42","105","4","1","Bronx","Crotona - Tremont","Crotona - Tremont  Bronx","3,901","247.4","244.1"
"2016","UHF 42","203","4","2","Brooklyn","Bedford Stuyvesant - Crown Heights","Bedford Stuyvesant - Crown Heights  Brooklyn","5,327","208.5","209.2"
"2016","UHF 42","211","4","2","Brooklyn","Williamsburg - Bushwick","Williamsburg - Bushwick  Brooklyn","3,302","199.9","206.8"
"2016","UHF 42","204","4","2","Brooklyn","East New York","East New York  Brooklyn","2,840","208.4","205.5"
"2016","UHF 42","103","4","1","Bronx","Fordham - Bronx Pk","Fordham - Bronx Pk  Bronx","3,560","184.4","182.1"
"2016","UHF 42","102","4","1","Bronx","Northeast Bronx","Northeast Bronx  Bronx","2,231","139.1","145.7"
"2016","UHF 42","104","4","1","Bronx","Pelham - Throgs Neck","Pelham - Throgs Neck  Bronx","3,250","136.4","136.8"
"2016","UHF 42","207","4","2","Brooklyn","East Flatbush - Flatbush","East Flatbush - Flatbush  Brooklyn","2,885","122.2","123.7"
"2016","UHF 42","501","4","5","Staten Island","Port Richmond","Port Richmond  Staten Island","604","121.5","121.0"
"2016","UHF 42","410","4","4","Queens","Rockaways","Rockaways  Queens","1,032","115.6","119.9"
"2016","UHF 42","208","4","2","Brooklyn","Canarsie - Flatlands","Canarsie - Flatlands  Brooklyn","1,535","95.2","98.6"
"2016","UHF 42","502","4","5","Staten Island","Stapleton - St. George","Stapleton - St. George  Staten Island","835","85.5","90.5"
"2016","UHF 42","301","4","3","Manhattan","Washington Heights","Washington Heights  Manhattan","1,973","89.9","90.4"
"2016","UHF 42","408","4","4","Queens","Jamaica","Jamaica  Queens","2,151","86.4","88.0"
"2016","UHF 42","309","4","3","Manhattan","Union Square - Lower East Side","Union Square - Lower East Side  Manhattan","1,348","77.5","81.1"
"2016","UHF 42","101","4","1","Bronx","Kingsbridge - Riverdale","Kingsbridge - Riverdale  Bronx","559","75.0","78.3"
"2016","UHF 42","202","4","2","Brooklyn","Downtown - Heights - Slope","Downtown - Heights - Slope  Brooklyn","1,435","67.3","77.2"
"2016","UHF 42","401","4","4","Queens","Long Island City - Astoria","Long Island City - Astoria  Queens","1,120","61.5","68.9"
"2016","UHF 42","201","4","2","Brooklyn","Greenpoint","Greenpoint  Brooklyn","602","54.3","65.8"
"2016","UHF 42","304","4","3","Manhattan","Upper West Side","Upper West Side  Manhattan","1,159","61.7","64.2"
"2016","UHF 42","310","4","3","Manhattan","Lower Manhattan","Lower Manhattan  Manhattan","263","48.7","60.6"
"2016","UHF 42","409","4","4","Queens","Southeast Queens","Southeast Queens  Queens","937","54.9","57.7"
"2016","UHF 42","210","4","2","Brooklyn","Coney Island - Sheepshead Bay","Coney Island - Sheepshead Bay  Brooklyn","1,214","53.2","56.9"
"2016","UHF 42","306","4","3","Manhattan","Chelsea - Clinton","Chelsea - Clinton  Manhattan","687","47.5","51.0"
"2016","UHF 42","407","4","4","Queens","Southwest Queens","Southwest Queens  Queens","1,147","50.6","50.4"
"2016","UHF 42","205","4","2","Brooklyn","Sunset Park","Sunset Park  Brooklyn","497","48.5","49.8"
"2016","UHF 42","307","4","3","Manhattan","Gramercy Park - Murray Hill","Gramercy Park - Murray Hill  Manhattan","456","37.5","43.0"
"2016","UHF 42","402","4","4","Queens","West Queens","West Queens  Queens","1,558","41.0","41.2"
"2016","UHF 42","406","4","4","Queens","Fresh Meadows","Fresh Meadows  Queens","318","39.9","40.6"
"2016","UHF 42","405","4","4","Queens","Ridgewood - Forest Hills","Ridgewood - Forest Hills  Queens","777","38.3","40.5"
"2016","UHF 42","503","4","5","Staten Island","Willowbrook","Willowbrook  Staten Island","210","29.7","32.1"
"2016","UHF 42","504","4","5","Staten Island","South Beach - Tottenville","South Beach - Tottenville  Staten Island","415","27.0","29.0"
"2016","UHF 42","206","4","2","Brooklyn","Borough Park","Borough Park  Brooklyn","668","27.2","27.5"
"2016","UHF 42","403","4","4","Queens","Flushing - Clearview","Flushing - Clearview  Queens","511","23.3","24.6"
"2016","UHF 42","209","4","2","Brooklyn","Bensonhurst - Bay Ridge","Bensonhurst - Bay Ridge  Brooklyn","402","23.5","23.7"
"2016","UHF 42","305","4","3","Manhattan","Upper East Side","Upper East Side  Manhattan","340","18.2","20.3"
"2016","UHF 42","308","4","3","Manhattan","Greenwich Village - SoHo","Greenwich Village - SoHo  Manhattan","128","17.6","17.9"
"2016","UHF 42","404","4","4","Queens","Bayside - Little Neck","Bayside - Little Neck  Queens","119","16.1","16.7"
"2014","UHF 42","303","4","3","Manhattan","East Harlem","East Harlem  Manhattan","2,990","336.2","339.7"
"2014","UHF 42","107","4","1","Bronx","Hunts Point - Mott Haven","Hunts Point - Mott Haven  Bronx","3,463","338.3","337.7"
"2014","UHF 42","105","4","1","Bronx","Crotona - Tremont","Crotona - Tremont  Bronx","4,462","289.1","285.9"
"2014","UHF 42","106","4","1","Bronx","High Bridge - Morrisania","High Bridge - Morrisania  Bronx","4,473","284.3","279.3"
"2014","UHF 42","302","4","3","Manhattan","Central Harlem - Morningside Heights","Central Harlem - Morningside Heights  Manhattan","3,720","263.3","267.8"
"2014","UHF 42","211","4","2","Brooklyn","Williamsburg - Bushwick","Williamsburg - Bushwick  Brooklyn","3,849","233.1","247.0"
"2014","UHF 42","204","4","2","Brooklyn","East New York","East New York  Brooklyn","3,393","248.1","243.1"
"2014","UHF 42","203","4","2","Brooklyn","Bedford Stuyvesant - Crown Heights","Bedford Stuyvesant - Crown Heights  Brooklyn","6,007","235.2","235.4"
"2014","UHF 42","103","4","1","Bronx","Fordham - Bronx Pk","Fordham - Bronx Pk  Bronx","4,119","217.5","216.1"
"2014","UHF 42","102","4","1","Bronx","Northeast Bronx","Northeast Bronx  Bronx","2,615","165.3","170.7"
"2014","UHF 42","104","4","1","Bronx","Pelham - Throgs Neck","Pelham - Throgs Neck  Bronx","3,850","164.1","163.3"
"2014","UHF 42","501","4","5","Staten Island","Port Richmond","Port Richmond  Staten Island","739","151.5","148.4"
"2014","UHF 42","410","4","4","Queens","Rockaways","Rockaways  Queens","1,118","124.7","126.0"
"2014","UHF 42","207","4","2","Brooklyn","East Flatbush - Flatbush","East Flatbush - Flatbush  Brooklyn","2,954","125.3","125.9"
"2014","UHF 42","502","4","5","Staten Island","Stapleton - St. George","Stapleton - St. George  Staten Island","1,052","109.4","111.4"
"2014","UHF 42","301","4","3","Manhattan","Washington Heights","Washington Heights  Manhattan","2,192","100.2","100.8"
"2014","UHF 42","408","4","4","Queens","Jamaica","Jamaica  Queens","2,496","101.4","100.8"
"2014","UHF 42","208","4","2","Brooklyn","Canarsie - Flatlands","Canarsie - Flatlands  Brooklyn","1,601","99.2","99.8"
"2014","UHF 42","309","4","3","Manhattan","Union Square - Lower East Side","Union Square - Lower East Side  Manhattan","1,487","86.1","90.3"
"2014","UHF 42","202","4","2","Brooklyn","Downtown - Heights - Slope","Downtown - Heights - Slope  Brooklyn","1,516","73.4","81.6"
"2014","UHF 42","101","4","1","Bronx","Kingsbridge - Riverdale","Kingsbridge - Riverdale  Bronx","527","71.0","74.6"
"2014","UHF 42","201","4","2","Brooklyn","Greenpoint","Greenpoint  Brooklyn","643","59.7","73.5"
"2014","UHF 42","407","4","4","Queens","Southwest Queens","Southwest Queens  Queens","1,509","67.2","67.5"
"2014","UHF 42","205","4","2","Brooklyn","Sunset Park","Sunset Park  Brooklyn","618","61.5","65.0"
"2014","UHF 42","310","4","3","Manhattan","Lower Manhattan","Lower Manhattan  Manhattan","246","47.0","62.6"
"2014","UHF 42","306","4","3","Manhattan","Chelsea - Clinton","Chelsea - Clinton  Manhattan","820","57.9","62.5"
"2014","UHF 42","401","4","4","Queens","Long Island City - Astoria","Long Island City - Astoria  Queens","1,024","56.7","62.1"
"2014","UHF 42","304","4","3","Manhattan","Upper West Side","Upper West Side  Manhattan","1,122","59.9","61.6"
"2014","UHF 42","409","4","4","Queens","Southeast Queens","Southeast Queens  Queens","1,013","59.9","61.6"
"2014","UHF 42","210","4","2","Brooklyn","Coney Island - Sheepshead Bay","Coney Island - Sheepshead Bay  Brooklyn","1,293","57.1","58.9"
"2014","UHF 42","307","4","3","Manhattan","Gramercy Park - Murray Hill","Gramercy Park - Murray Hill  Manhattan","587","48.8","56.5"
"2014","UHF 42","503","4","5","Staten Island","Willowbrook","Willowbrook  Staten Island","288","41.3","44.3"
"2014","UHF 42","405","4","4","Queens","Ridgewood - Forest Hills","Ridgewood - Forest Hills  Queens","873","42.8","43.8"
"2014","UHF 42","406","4","4","Queens","Fresh Meadows","Fresh Meadows  Queens","337","42.6","42.9"
"2014","UHF 42","402","4","4","Queens","West Queens","West Queens  Queens","1,556","41.3","41.8"
"2014","UHF 42","504","4","5","Staten Island","South Beach - Tottenville","South Beach - Tottenville  Staten Island","498","32.4","34.5"
"2014","UHF 42","206","4","2","Brooklyn","Borough Park","Borough Park  Brooklyn","829","34.1","34.3"
"2014","UHF 42","209","4","2","Brooklyn","Bensonhurst - Bay Ridge","Bensonhurst - Bay Ridge  Brooklyn","488","29.0","29.0"
"2014","UHF 42","403","4","4","Queens","Flushing - Clearview","Flushing - Clearview  Queens","624","29.0","28.6"
"2014","UHF 42","305","4","3","Manhattan","Upper East Side","Upper East Side  Manhattan","445","23.7","25.9"
"2014","UHF 42","404","4","4","Queens","Bayside - Little Neck","Bayside - Little Neck  Queens","144","19.6","19.3"
"2014","UHF 42","308","4","3","Manhattan","Greenwich Village - SoHo","Greenwich Village - SoHo  Manhattan","109","15.0","15.5"
"2013","UHF 42","107","4","1","Bronx","Hunts Point - Mott Haven","Hunts Point - Mott Haven  Bronx","3,281","325.9","324.5"
"2013","UHF 42","303","4","3","Manhattan","East Harlem","East Harlem  Manhattan","2,810","316.8","319.8"
"2013","UHF 42","106","4","1","Bronx","High Bridge - Morrisania","High Bridge - Morrisania  Bronx","4,493","289.9","285.3"
"2013","UHF 42","105","4","1","Bronx","Crotona - Tremont","Crotona - Tremont  Bronx","4,306","283.3","281.8"
"2013","UHF 42","302","4","3","Manhattan","Central Harlem - Morningside Heights","Central Harlem - Morningside Heights  Manhattan","3,731","263.7","267.3"
"2013","UHF 42","211","4","2","Brooklyn","Williamsburg - Bushwick","Williamsburg - Bushwick  Brooklyn","3,992","242.8","256.9"
"2013","UHF 42","203","4","2","Brooklyn","Bedford Stuyvesant - Crown Heights","Bedford Stuyvesant - Crown Heights  Brooklyn","5,921","232.8","232.4"
"2013","UHF 42","204","4","2","Brooklyn","East New York","East New York  Brooklyn","3,204","234.8","229.1"
"2013","UHF 42","103","4","1","Bronx","Fordham - Bronx Pk","Fordham - Bronx Pk  Bronx","4,175","223.3","221.5"
"2013","UHF 42","102","4","1","Bronx","Northeast Bronx","Northeast Bronx  Bronx","2,526","161.2","166.5"
"2013","UHF 42","104","4","1","Bronx","Pelham - Throgs Neck","Pelham - Throgs Neck  Bronx","3,846","165.5","164.7"
"2013","UHF 42","207","4","2","Brooklyn","East Flatbush - Flatbush","East Flatbush - Flatbush  Brooklyn","3,274","139.5","139.9"
"2013","UHF 42","501","4","5","Staten Island","Port Richmond","Port Richmond  Staten Island","680","140.8","137.9"
"2013","UHF 42","502","4","5","Staten Island","Stapleton - St. George","Stapleton - St. George  Staten Island","1,047","109.7","110.9"
"2013","UHF 42","410","4","4","Queens","Rockaways","Rockaways  Queens","928","103.6","106.0"
"2013","UHF 42","408","4","4","Queens","Jamaica","Jamaica  Queens","2,534","103.9","103.1"
"2013","UHF 42","208","4","2","Brooklyn","Canarsie - Flatlands","Canarsie - Flatlands  Brooklyn","1,499","93.1","93.9"
"2013","UHF 42","301","4","3","Manhattan","Washington Heights","Washington Heights  Manhattan","2,031","93.2","93.5"
"2013","UHF 42","202","4","2","Brooklyn","Downtown - Heights - Slope","Downtown - Heights - Slope  Brooklyn","1,633","80.5","87.8"
"2013","UHF 42","309","4","3","Manhattan","Union Square - Lower East Side","Union Square - Lower East Side  Manhattan","1,437","83.4","87.7"
"2013","UHF 42","205","4","2","Brooklyn","Sunset Park","Sunset Park  Brooklyn","778","78.4","83.3"
"2013","UHF 42","201","4","2","Brooklyn","Greenpoint","Greenpoint  Brooklyn","702","66.3","82.2"
"2013","UHF 42","101","4","1","Bronx","Kingsbridge - Riverdale","Kingsbridge - Riverdale  Bronx","556","75.0","76.2"
"2013","UHF 42","401","4","4","Queens","Long Island City - Astoria","Long Island City - Astoria  Queens","1,129","63.1","68.7"
"2013","UHF 42","407","4","4","Queens","Southwest Queens","Southwest Queens  Queens","1,417","63.7","63.5"
"2013","UHF 42","409","4","4","Queens","Southeast Queens","Southeast Queens  Queens","987","58.8","60.6"
"2013","UHF 42","306","4","3","Manhattan","Chelsea - Clinton","Chelsea - Clinton  Manhattan","757","54.0","59.1"
"2013","UHF 42","210","4","2","Brooklyn","Coney Island - Sheepshead Bay","Coney Island - Sheepshead Bay  Brooklyn","1,296","57.6","57.9"
"2013","UHF 42","304","4","3","Manhattan","Upper West Side","Upper West Side  Manhattan","1,033","55.2","57.6"
"2013","UHF 42","307","4","3","Manhattan","Gramercy Park - Murray Hill","Gramercy Park - Murray Hill  Manhattan","556","46.5","53.6"
"2013","UHF 42","310","4","3","Manhattan","Lower Manhattan","Lower Manhattan  Manhattan","196","38.0","51.9"
"2013","UHF 42","406","4","4","Queens","Fresh Meadows","Fresh Meadows  Queens","396","50.4","51.7"
"2013","UHF 42","503","4","5","Staten Island","Willowbrook","Willowbrook  Staten Island","298","43.0","44.2"
"2013","UHF 42","402","4","4","Queens","West Queens","West Queens  Queens","1,545","41.5","42.0"
"2013","UHF 42","405","4","4","Queens","Ridgewood - Forest Hills","Ridgewood - Forest Hills  Queens","813","39.9","40.3"
"2013","UHF 42","504","4","5","Staten Island","South Beach - Tottenville","South Beach - Tottenville  Staten Island","520","33.9","35.8"
"2013","UHF 42","206","4","2","Brooklyn","Borough Park","Borough Park  Brooklyn","747","31.0","31.0"
"2013","UHF 42","209","4","2","Brooklyn","Bensonhurst - Bay Ridge","Bensonhurst - Bay Ridge  Brooklyn","507","30.4","30.1"
"2013","UHF 42","403","4","4","Queens","Flushing - Clearview","Flushing - Clearview  Queens","623","29.3","29.9"
"2013","UHF 42","305","4","3","Manhattan","Upper East Side","Upper East Side  Manhattan","398","21.2","21.9"
"2013","UHF 42","404","4","4","Queens","Bayside - Little Neck","Bayside - Little Neck  Queens","137","18.8","19.3"
"2013","UHF 42","308","4","3","Manhattan","Greenwich Village - SoHo","Greenwich Village - SoHo  Manhattan","85","11.7","12.6"
"2012","UHF 42","303","4","3","Manhattan","East Harlem","East Harlem  Manhattan","2,880","325.6","327.1"
"2012","UHF 42","107","4","1","Bronx","Hunts Point - Mott Haven","Hunts Point - Mott Haven  Bronx","3,261","330.0","323.8"
"2012","UHF 42","105","4","1","Bronx","Crotona - Tremont","Crotona - Tremont  Bronx","4,457","298.3","296.3"
"2012","UHF 42","106","4","1","Bronx","High Bridge - Morrisania","High Bridge - Morrisania  Bronx","4,447","291.9","289.1"
"2012","UHF 42","302","4","3","Manhattan","Central Harlem - Morningside Heights","Central Harlem - Morningside Heights  Manhattan","3,938","277.9","279.9"
"2012","UHF 42","211","4","2","Brooklyn","Williamsburg - Bushwick","Williamsburg - Bushwick  Brooklyn","4,257","260.5","274.0"
"2012","UHF 42","203","4","2","Brooklyn","Bedford Stuyvesant - Crown Heights","Bedford Stuyvesant - Crown Heights  Brooklyn","6,088","241.1","239.6"
"2012","UHF 42","204","4","2","Brooklyn","East New York","East New York  Brooklyn","3,196","235.3","229.2"
"2012","UHF 42","103","4","1","Bronx","Fordham - Bronx Pk","Fordham - Bronx Pk  Bronx","3,676","199.4","199.4"
"2012","UHF 42","501","4","5","Staten Island","Port Richmond","Port Richmond  Staten Island","844","176.7","174.7"
"2012","UHF 42","104","4","1","Bronx","Pelham - Throgs Neck","Pelham - Throgs Neck  Bronx","3,767","163.6","162.3"
"2012","UHF 42","207","4","2","Brooklyn","East Flatbush - Flatbush","East Flatbush - Flatbush  Brooklyn","3,411","146.5","146.6"
"2012","UHF 42","102","4","1","Bronx","Northeast Bronx","Northeast Bronx  Bronx","2,084","134.3","137.6"
"2012","UHF 42","410","4","4","Queens","Rockaways","Rockaways  Queens","1,164","130.4","132.1"
"2012","UHF 42","502","4","5","Staten Island","Stapleton - St. George","Stapleton - St. George  Staten Island","1,177","124.5","126.0"
"2012","UHF 42","309","4","3","Manhattan","Union Square - Lower East Side","Union Square - Lower East Side  Manhattan","1,838","106.8","111.0"
"2012","UHF 42","408","4","4","Queens","Jamaica","Jamaica  Queens","2,547","105.7","105.3"
"2012","UHF 42","208","4","2","Brooklyn","Canarsie - Flatlands","Canarsie - Flatlands  Brooklyn","1,628","101.7","104.0"
"2012","UHF 42","301","4","3","Manhattan","Washington Heights","Washington Heights  Manhattan","2,120","97.7","98.2"
"2012","UHF 42","202","4","2","Brooklyn","Downtown - Heights - Slope","Downtown - Heights - Slope  Brooklyn","1,777","89.6","96.6"
"2012","UHF 42","205","4","2","Brooklyn","Sunset Park","Sunset Park  Brooklyn","824","84.3","89.8"
"2012","UHF 42","201","4","2","Brooklyn","Greenpoint","Greenpoint  Brooklyn","693","66.8","80.8"
"2012","UHF 42","101","4","1","Bronx","Kingsbridge - Riverdale","Kingsbridge - Riverdale  Bronx","534","72.1","73.6"
"2012","UHF 42","407","4","4","Queens","Southwest Queens","Southwest Queens  Queens","1,616","73.3","73.0"
"2012","UHF 42","401","4","4","Queens","Long Island City - Astoria","Long Island City - Astoria  Queens","1,135","64.0","69.2"
"2012","UHF 42","409","4","4","Queens","Southeast Queens","Southeast Queens  Queens","1,087","65.4","67.2"
"2012","UHF 42","304","4","3","Manhattan","Upper West Side","Upper West Side  Manhattan","1,108","59.4","61.9"
"2012","UHF 42","306","4","3","Manhattan","Chelsea - Clinton","Chelsea - Clinton  Manhattan","791","57.0","61.8"
"2012","UHF 42","310","4","3","Manhattan","Lower Manhattan","Lower Manhattan  Manhattan","244","47.9","61.7"
"2012","UHF 42","210","4","2","Brooklyn","Coney Island - Sheepshead Bay","Coney Island - Sheepshead Bay  Brooklyn","1,327","59.4","60.5"
"2012","UHF 42","406","4","4","Queens","Fresh Meadows","Fresh Meadows  Queens","414","53.1","54.9"
"2012","UHF 42","307","4","3","Manhattan","Gramercy Park - Murray Hill","Gramercy Park - Murray Hill  Manhattan","549","46.1","52.1"
"2012","UHF 42","504","4","5","Staten Island","South Beach - Tottenville","South Beach - Tottenville  Staten Island","688","44.9","45.9"
"2012","UHF 42","402","4","4","Queens","West Queens","West Queens  Queens","1,570","42.6","43.0"
"2012","UHF 42","405","4","4","Queens","Ridgewood - Forest Hills","Ridgewood - Forest Hills  Queens","830","40.8","41.5"
"2012","UHF 42","503","4","5","Staten Island","Willowbrook","Willowbrook  Staten Island","284","41.3","41.5"
"2012","UHF 42","206","4","2","Brooklyn","Borough Park","Borough Park  Brooklyn","926","38.8","38.9"
"2012","UHF 42","209","4","2","Brooklyn","Bensonhurst - Bay Ridge","Bensonhurst - Bay Ridge  Brooklyn","534","32.4","32.7"
"2012","UHF 42","403","4","4","Queens","Flushing - Clearview","Flushing - Clearview  Queens","620","29.5","30.1"
"2012","UHF 42","404","4","4","Queens","Bayside - Little Neck","Bayside - Little Neck  Queens","155","21.4","22.6"
"2012","UHF 42","305","4","3","Manhattan","Upper East Side","Upper East Side  Manhattan","386","20.6","21.5"
"2012","UHF 42","308","4","3","Manhattan","Greenwich Village - SoHo","Greenwich Village - SoHo  Manhattan","132","18.2","19.8"
"2011","UHF 42","303","4","3","Manhattan","East Harlem","East Harlem  Manhattan","2,782","317.9","317.7"
"2011","UHF 42","105","4","1","Bronx","Crotona - Tremont","Crotona - Tremont  Bronx","4,426","302.3","301.3"
"2011","UHF 42","107","4","1","Bronx","Hunts Point - Mott Haven","Hunts Point - Mott Haven  Bronx","2,902","300.2","297.3"
"2011","UHF 42","106","4","1","Bronx","High Bridge - Morrisania","High Bridge - Morrisania  Bronx","3,937","263.4","262.8"
"2011","UHF 42","302","4","3","Manhattan","Central Harlem - Morningside Heights","Central Harlem - Morningside Heights  Manhattan","3,664","259.8","261.1"
"2011","UHF 42","211","4","2","Brooklyn","Williamsburg - Bushwick","Williamsburg - Bushwick  Brooklyn","3,782","233.8","246.3"
"2011","UHF 42","203","4","2","Brooklyn","Bedford Stuyvesant - Crown Heights","Bedford Stuyvesant - Crown Heights  Brooklyn","5,453","218.0","217.2"
"2011","UHF 42","204","4","2","Brooklyn","East New York","East New York  Brooklyn","2,926","216.9","212.2"
"2011","UHF 42","103","4","1","Bronx","Fordham - Bronx Pk","Fordham - Bronx Pk  Bronx","3,034","167.4","168.4"
"2011","UHF 42","501","4","5","Staten Island","Port Richmond","Port Richmond  Staten Island","756","158.7","156.1"
"2011","UHF 42","207","4","2","Brooklyn","East Flatbush - Flatbush","East Flatbush - Flatbush  Brooklyn","3,378","146.4","146.1"
"2011","UHF 42","104","4","1","Bronx","Pelham - Throgs Neck","Pelham - Throgs Neck  Bronx","3,135","137.8","136.4"
"2011","UHF 42","410","4","4","Queens","Rockaways","Rockaways  Queens","1,095","123.0","124.4"
"2011","UHF 42","502","4","5","Staten Island","Stapleton - St. George","Stapleton - St. George  Staten Island","1,083","115.1","115.2"
"2011","UHF 42","309","4","3","Manhattan","Union Square - Lower East Side","Union Square - Lower East Side  Manhattan","1,730","101.3","104.3"
"2011","UHF 42","208","4","2","Brooklyn","Canarsie - Flatlands","Canarsie - Flatlands  Brooklyn","1,624","102.2","104.2"
"2011","UHF 42","202","4","2","Brooklyn","Downtown - Heights - Slope","Downtown - Heights - Slope  Brooklyn","1,761","91.1","100.5"
"2011","UHF 42","408","4","4","Queens","Jamaica","Jamaica  Queens","2,387","100.1","99.4"
"2011","UHF 42","301","4","3","Manhattan","Washington Heights","Washington Heights  Manhattan","2,036","95.0","95.4"
"2011","UHF 42","102","4","1","Bronx","Northeast Bronx","Northeast Bronx  Bronx","1,380","89.8","89.2"
"2011","UHF 42","205","4","2","Brooklyn","Sunset Park","Sunset Park  Brooklyn","737","76.8","80.1"
"2011","UHF 42","201","4","2","Brooklyn","Greenpoint","Greenpoint  Brooklyn","662","65.4","76.3"
"2011","UHF 42","401","4","4","Queens","Long Island City - Astoria","Long Island City - Astoria  Queens","1,118","63.6","69.0"
"2011","UHF 42","409","4","4","Queens","Southeast Queens","Southeast Queens  Queens","1,101","66.8","69.0"
"2011","UHF 42","407","4","4","Queens","Southwest Queens","Southwest Queens  Queens","1,506","69.0","68.0"
"2011","UHF 42","101","4","1","Bronx","Kingsbridge - Riverdale","Kingsbridge - Riverdale  Bronx","481","65.2","67.3"
"2011","UHF 42","306","4","3","Manhattan","Chelsea - Clinton","Chelsea - Clinton  Manhattan","749","54.8","58.8"
"2011","UHF 42","210","4","2","Brooklyn","Coney Island - Sheepshead Bay","Coney Island - Sheepshead Bay  Brooklyn","1,240","56.2","57.2"
"2011","UHF 42","304","4","3","Manhattan","Upper West Side","Upper West Side  Manhattan","999","54.0","55.7"
"2011","UHF 42","310","4","3","Manhattan","Lower Manhattan","Lower Manhattan  Manhattan","239","47.8","55.1"
"2011","UHF 42","307","4","3","Manhattan","Gramercy Park - Murray Hill","Gramercy Park - Murray Hill  Manhattan","552","46.8","54.7"
"2011","UHF 42","406","4","4","Queens","Fresh Meadows","Fresh Meadows  Queens","359","46.4","47.4"
"2011","UHF 42","503","4","5","Staten Island","Willowbrook","Willowbrook  Staten Island","281","41.1","41.5"
"2011","UHF 42","402","4","4","Queens","West Queens","West Queens  Queens","1,447","39.6","40.3"
"2011","UHF 42","405","4","4","Queens","Ridgewood - Forest Hills","Ridgewood - Forest Hills  Queens","792","39.0","39.9"
"2011","UHF 42","504","4","5","Staten Island","South Beach - Tottenville","South Beach - Tottenville  Staten Island","599","39.2","39.6"
"2011","UHF 42","206","4","2","Brooklyn","Borough Park","Borough Park  Brooklyn","847","36.0","36.0"
"2011","UHF 42","403","4","4","Queens","Flushing - Clearview","Flushing - Clearview  Queens","615","29.6","29.8"
"2011","UHF 42","305","4","3","Manhattan","Upper East Side","Upper East Side  Manhattan","459","24.7","26.7"
"2011","UHF 42","209","4","2","Brooklyn","Bensonhurst - Bay Ridge","Bensonhurst - Bay Ridge  Brooklyn","424","26.2","26.4"
"2011","UHF 42","308","4","3","Manhattan","Greenwich Village - SoHo","Greenwich Village - SoHo  Manhattan","147","20.4","22.2"
"2011","UHF 42","404","4","4","Queens","Bayside - Little Neck","Bayside - Little Neck  Queens","126","17.5","17.4"
"2010","UHF 42","105","4","1","Bronx","Crotona - Tremont","Crotona - Tremont  Bronx","4,459","309.6","308.0"
"2010","UHF 42","107","4","1","Bronx","Hunts Point - Mott Haven","Hunts Point - Mott Haven  Bronx","2,973","311.0","307.1"
"2010","UHF 42","303","4","3","Manhattan","East Harlem","East Harlem  Manhattan","2,579","299.5","299.0"
"2010","UHF 42","302","4","3","Manhattan","Central Harlem - Morningside Heights","Central Harlem - Morningside Heights  Manhattan","3,698","284.3","284.5"
"2010","UHF 42","106","4","1","Bronx","High Bridge - Morrisania","High Bridge - Morrisania  Bronx","4,059","274.3","271.0"
"2010","UHF 42","211","4","2","Brooklyn","Williamsburg - Bushwick","Williamsburg - Bushwick  Brooklyn","3,703","238.3","245.8"
"2010","UHF 42","203","4","2","Brooklyn","Bedford Stuyvesant - Crown Heights","Bedford Stuyvesant - Crown Heights  Brooklyn","5,426","224.3","221.9"
"2010","UHF 42","204","4","2","Brooklyn","East New York","East New York  Brooklyn","2,796","208.2","202.0"
"2010","UHF 42","103","4","1","Bronx","Fordham - Bronx Pk","Fordham - Bronx Pk  Bronx","3,131","170.0","170.2"
"2010","UHF 42","501","4","5","Staten Island","Port Richmond","Port Richmond  Staten Island","738","146.3","142.7"
"2010","UHF 42","104","4","1","Bronx","Pelham - Throgs Neck","Pelham - Throgs Neck  Bronx","3,244","143.4","142.0"
"2010","UHF 42","207","4","2","Brooklyn","East Flatbush - Flatbush","East Flatbush - Flatbush  Brooklyn","2,980","130.0","129.8"
"2010","UHF 42","410","4","4","Queens","Rockaways","Rockaways  Queens","967","115.0","117.1"
"2010","UHF 42","502","4","5","Staten Island","Stapleton - St. George","Stapleton - St. George  Staten Island","1,069","112.2","113.1"
"2010","UHF 42","408","4","4","Queens","Jamaica","Jamaica  Queens","2,373","107.3","106.5"
"2010","UHF 42","208","4","2","Brooklyn","Canarsie - Flatlands","Canarsie - Flatlands  Brooklyn","1,446","95.3","97.1"
"2010","UHF 42","301","4","3","Manhattan","Washington Heights","Washington Heights  Manhattan","1,893","94.1","94.0"
"2010","UHF 42","202","4","2","Brooklyn","Downtown - Heights - Slope","Downtown - Heights - Slope  Brooklyn","1,593","87.0","93.9"
"2010","UHF 42","102","4","1","Bronx","Northeast Bronx","Northeast Bronx  Bronx","1,359","92.4","92.9"
"2010","UHF 42","205","4","2","Brooklyn","Sunset Park","Sunset Park  Brooklyn","799","80.9","85.4"
"2010","UHF 42","309","4","3","Manhattan","Union Square - Lower East Side","Union Square - Lower East Side  Manhattan","1,332","76.8","80.0"
"2010","UHF 42","101","4","1","Bronx","Kingsbridge - Riverdale","Kingsbridge - Riverdale  Bronx","542","73.6","74.4"
"2010","UHF 42","409","4","4","Queens","Southeast Queens","Southeast Queens  Queens","1,093","71.6","73.5"
"2010","UHF 42","407","4","4","Queens","Southwest Queens","Southwest Queens  Queens","1,453","71.0","69.6"
"2010","UHF 42","201","4","2","Brooklyn","Greenpoint","Greenpoint  Brooklyn","600","57.9","68.2"
"2010","UHF 42","310","4","3","Manhattan","Lower Manhattan","Lower Manhattan  Manhattan","269","57.9","67.6"
"2010","UHF 42","401","4","4","Queens","Long Island City - Astoria","Long Island City - Astoria  Queens","1,018","56.3","60.1"
"2010","UHF 42","304","4","3","Manhattan","Upper West Side","Upper West Side  Manhattan","1,104","58.9","59.3"
"2010","UHF 42","306","4","3","Manhattan","Chelsea - Clinton","Chelsea - Clinton  Manhattan","681","49.9","53.7"
"2010","UHF 42","210","4","2","Brooklyn","Coney Island - Sheepshead Bay","Coney Island - Sheepshead Bay  Brooklyn","1,201","50.2","51.4"
"2010","UHF 42","307","4","3","Manhattan","Gramercy Park - Murray Hill","Gramercy Park - Murray Hill  Manhattan","520","42.1","49.4"
"2010","UHF 42","503","4","5","Staten Island","Willowbrook","Willowbrook  Staten Island","315","46.9","49.2"
"2010","UHF 42","406","4","4","Queens","Fresh Meadows","Fresh Meadows  Queens","327","42.9","43.7"
"2010","UHF 42","405","4","4","Queens","Ridgewood - Forest Hills","Ridgewood - Forest Hills  Queens","789","39.6","39.9"
"2010","UHF 42","504","4","5","Staten Island","South Beach - Tottenville","South Beach - Tottenville  Staten Island","556","37.7","38.6"
"2010","UHF 42","402","4","4","Queens","West Queens","West Queens  Queens","1,387","35.8","36.4"
"2010","UHF 42","206","4","2","Brooklyn","Borough Park","Borough Park  Brooklyn","693","28.6","28.9"
"2010","UHF 42","209","4","2","Brooklyn","Bensonhurst - Bay Ridge","Bensonhurst - Bay Ridge  Brooklyn","470","27.2","27.5"
"2010","UHF 42","403","4","4","Queens","Flushing - Clearview","Flushing - Clearview  Queens","529","24.5","23.9"
"2010","UHF 42","305","4","3","Manhattan","Upper East Side","Upper East Side  Manhattan","397","21.1","21.9"
"2010","UHF 42","404","4","4","Queens","Bayside - Little Neck","Bayside - Little Neck  Queens","129","18.0","18.3"
"2010","UHF 42","308","4","3","Manhattan","Greenwich Village - SoHo","Greenwich Village - SoHo  Manhattan","117","15.8","16.7"
"2009","UHF 42","303","4","3","Manhattan","East Harlem","East Harlem  Manhattan","3,188","375.4","376.3"
"2009","UHF 42","107","4","1","Bronx","Hunts Point - Mott Haven","Hunts Point - Mott Haven  Bronx","3,220","343.6","340.8"
"2009","UHF 42","302","4","3","Manhattan","Central Harlem - Morningside Heights","Central Harlem - Morningside Heights  Manhattan","3,981","311.2","310.4"
"2009","UHF 42","105","4","1","Bronx","Crotona - Tremont","Crotona - Tremont  Bronx","4,285","300.9","297.2"
"2009","UHF 42","106","4","1","Bronx","High Bridge - Morrisania","High Bridge - Morrisania  Bronx","3,919","271.9","267.4"
"2009","UHF 42","211","4","2","Brooklyn","Williamsburg - Bushwick","Williamsburg - Bushwick  Brooklyn","3,290","216.1","220.1"
"2009","UHF 42","203","4","2","Brooklyn","Bedford Stuyvesant - Crown Heights","Bedford Stuyvesant - Crown Heights  Brooklyn","4,877","204.2","202.2"
"2009","UHF 42","103","4","1","Bronx","Fordham - Bronx Pk","Fordham - Bronx Pk  Bronx","3,498","191.5","191.8"
"2009","UHF 42","204","4","2","Brooklyn","East New York","East New York  Brooklyn","2,581","195.9","190.3"
"2009","UHF 42","501","4","5","Staten Island","Port Richmond","Port Richmond  Staten Island","824","165.2","160.9"
"2009","UHF 42","104","4","1","Bronx","Pelham - Throgs Neck","Pelham - Throgs Neck  Bronx","3,494","155.8","154.2"
"2009","UHF 42","102","4","1","Bronx","Northeast Bronx","Northeast Bronx  Bronx","1,759","120.4","121.5"
"2009","UHF 42","207","4","2","Brooklyn","East Flatbush - Flatbush","East Flatbush - Flatbush  Brooklyn","2,715","118.9","117.8"
"2009","UHF 42","502","4","5","Staten Island","Stapleton - St. George","Stapleton - St. George  Staten Island","1,090","115.3","116.1"
"2009","UHF 42","410","4","4","Queens","Rockaways","Rockaways  Queens","893","108.0","110.4"
"2009","UHF 42","408","4","4","Queens","Jamaica","Jamaica  Queens","2,247","102.9","102.0"
"2009","UHF 42","301","4","3","Manhattan","Washington Heights","Washington Heights  Manhattan","2,006","100.0","100.0"
"2009","UHF 42","309","4","3","Manhattan","Union Square - Lower East Side","Union Square - Lower East Side  Manhattan","1,524","87.6","91.7"
"2009","UHF 42","202","4","2","Brooklyn","Downtown - Heights - Slope","Downtown - Heights - Slope  Brooklyn","1,476","81.4","87.5"
"2009","UHF 42","208","4","2","Brooklyn","Canarsie - Flatlands","Canarsie - Flatlands  Brooklyn","1,290","85.8","86.4"
"2009","UHF 42","205","4","2","Brooklyn","Sunset Park","Sunset Park  Brooklyn","743","76.3","81.2"
"2009","UHF 42","101","4","1","Bronx","Kingsbridge - Riverdale","Kingsbridge - Riverdale  Bronx","573","78.4","79.4"
"2009","UHF 42","409","4","4","Queens","Southeast Queens","Southeast Queens  Queens","1,042","68.8","70.5"
"2009","UHF 42","407","4","4","Queens","Southwest Queens","Southwest Queens  Queens","1,454","71.7","70.1"
"2009","UHF 42","201","4","2","Brooklyn","Greenpoint","Greenpoint  Brooklyn","545","55.4","62.2"
"2009","UHF 42","304","4","3","Manhattan","Upper West Side","Upper West Side  Manhattan","1,126","59.8","61.2"
"2009","UHF 42","306","4","3","Manhattan","Chelsea - Clinton","Chelsea - Clinton  Manhattan","741","56.2","59.8"
"2009","UHF 42","401","4","4","Queens","Long Island City - Astoria","Long Island City - Astoria  Queens","992","55.2","58.7"
"2009","UHF 42","310","4","3","Manhattan","Lower Manhattan","Lower Manhattan  Manhattan","216","48.3","54.5"
"2009","UHF 42","406","4","4","Queens","Fresh Meadows","Fresh Meadows  Queens","363","48.1","49.2"
"2009","UHF 42","210","4","2","Brooklyn","Coney Island - Sheepshead Bay","Coney Island - Sheepshead Bay  Brooklyn","1,121","47.2","48.3"
"2009","UHF 42","503","4","5","Staten Island","Willowbrook","Willowbrook  Staten Island","313","46.7","47.9"
"2009","UHF 42","307","4","3","Manhattan","Gramercy Park - Murray Hill","Gramercy Park - Murray Hill  Manhattan","502","40.6","45.5"
"2009","UHF 42","402","4","4","Queens","West Queens","West Queens  Queens","1,521","39.8","40.5"
"2009","UHF 42","405","4","4","Queens","Ridgewood - Forest Hills","Ridgewood - Forest Hills  Queens","751","37.9","38.3"
"2009","UHF 42","504","4","5","Staten Island","South Beach - Tottenville","South Beach - Tottenville  Staten Island","536","36.6","36.3"
"2009","UHF 42","206","4","2","Brooklyn","Borough Park","Borough Park  Brooklyn","684","28.3","28.6"
"2009","UHF 42","209","4","2","Brooklyn","Bensonhurst - Bay Ridge","Bensonhurst - Bay Ridge  Brooklyn","451","26.4","26.9"
"2009","UHF 42","403","4","4","Queens","Flushing - Clearview","Flushing - Clearview  Queens","516","24.2","23.4"
"2009","UHF 42","404","4","4","Queens","Bayside - Little Neck","Bayside - Little Neck  Queens","166","23.3","23.2"
"2009","UHF 42","305","4","3","Manhattan","Upper East Side","Upper East Side  Manhattan","393","20.7","22.4"
"2009","UHF 42","308","4","3","Manhattan","Greenwich Village - SoHo","Greenwich Village - SoHo  Manhattan","147","19.6","21.1"
"2008","UHF 42","303","4","3","Manhattan","East Harlem","East Harlem  Manhattan","3,145","371.6","370.4"
"2008","UHF 42","107","4","1","Bronx","Hunts Point - Mott Haven","Hunts Point - Mott Haven  Bronx","3,238","353.1","349.1"
"2008","UHF 42","302","4","3","Manhattan","Central Harlem - Morningside Heights","Central Harlem - Morningside Heights  Manhattan","4,079","321.8","322.6"
"2008","UHF 42","105","4","1","Bronx","Crotona - Tremont","Crotona - Tremont  Bronx","4,430","315.6","313.7"
"2008","UHF 42","106","4","1","Bronx","High Bridge - Morrisania","High Bridge - Morrisania  Bronx","4,119","291.4","287.5"
"2008","UHF 42","211","4","2","Brooklyn","Williamsburg - Bushwick","Williamsburg - Bushwick  Brooklyn","3,282","220.8","225.5"
"2008","UHF 42","203","4","2","Brooklyn","Bedford Stuyvesant - Crown Heights","Bedford Stuyvesant - Crown Heights  Brooklyn","4,775","202.8","199.8"
"2008","UHF 42","204","4","2","Brooklyn","East New York","East New York  Brooklyn","2,556","197.9","191.2"
"2008","UHF 42","103","4","1","Bronx","Fordham - Bronx Pk","Fordham - Bronx Pk  Bronx","3,439","190.4","189.3"
"2008","UHF 42","104","4","1","Bronx","Pelham - Throgs Neck","Pelham - Throgs Neck  Bronx","3,481","156.8","155.1"
"2008","UHF 42","501","4","5","Staten Island","Port Richmond","Port Richmond  Staten Island","760","154.8","149.5"
"2008","UHF 42","102","4","1","Bronx","Northeast Bronx","Northeast Bronx  Bronx","1,989","137.5","140.7"
"2008","UHF 42","410","4","4","Queens","Rockaways","Rockaways  Queens","932","115.0","117.3"
"2008","UHF 42","207","4","2","Brooklyn","East Flatbush - Flatbush","East Flatbush - Flatbush  Brooklyn","2,626","115.7","114.8"
"2008","UHF 42","301","4","3","Manhattan","Washington Heights","Washington Heights  Manhattan","2,117","104.9","104.9"
"2008","UHF 42","502","4","5","Staten Island","Stapleton - St. George","Stapleton - St. George  Staten Island","982","104.9","104.7"
"2008","UHF 42","202","4","2","Brooklyn","Downtown - Heights - Slope","Downtown - Heights - Slope  Brooklyn","1,689","94.6","100.1"
"2008","UHF 42","309","4","3","Manhattan","Union Square - Lower East Side","Union Square - Lower East Side  Manhattan","1,389","79.9","82.9"
"2008","UHF 42","408","4","4","Queens","Jamaica","Jamaica  Queens","1,783","82.9","82.7"
"2008","UHF 42","101","4","1","Bronx","Kingsbridge - Riverdale","Kingsbridge - Riverdale  Bronx","576","79.3","80.3"
"2008","UHF 42","208","4","2","Brooklyn","Canarsie - Flatlands","Canarsie - Flatlands  Brooklyn","1,182","79.5","79.9"
"2008","UHF 42","205","4","2","Brooklyn","Sunset Park","Sunset Park  Brooklyn","721","75.7","78.9"
"2008","UHF 42","304","4","3","Manhattan","Upper West Side","Upper West Side  Manhattan","1,230","64.9","66.6"
"2008","UHF 42","201","4","2","Brooklyn","Greenpoint","Greenpoint  Brooklyn","543","56.4","64.9"
"2008","UHF 42","409","4","4","Queens","Southeast Queens","Southeast Queens  Queens","936","62.4","63.7"
"2008","UHF 42","407","4","4","Queens","Southwest Queens","Southwest Queens  Queens","1,252","62.5","61.9"
"2008","UHF 42","401","4","4","Queens","Long Island City - Astoria","Long Island City - Astoria  Queens","998","56.3","59.4"
"2008","UHF 42","306","4","3","Manhattan","Chelsea - Clinton","Chelsea - Clinton  Manhattan","698","53.3","57.6"
"2008","UHF 42","310","4","3","Manhattan","Lower Manhattan","Lower Manhattan  Manhattan","197","45.8","49.9"
"2008","UHF 42","406","4","4","Queens","Fresh Meadows","Fresh Meadows  Queens","348","46.7","47.7"
"2008","UHF 42","210","4","2","Brooklyn","Coney Island - Sheepshead Bay","Coney Island - Sheepshead Bay  Brooklyn","1,051","45.0","46.2"
"2008","UHF 42","307","4","3","Manhattan","Gramercy Park - Murray Hill","Gramercy Park - Murray Hill  Manhattan","494","40.0","45.4"
"2008","UHF 42","402","4","4","Queens","West Queens","West Queens  Queens","1,479","39.3","39.6"
"2008","UHF 42","405","4","4","Queens","Ridgewood - Forest Hills","Ridgewood - Forest Hills  Queens","761","38.7","39.5"
"2008","UHF 42","503","4","5","Staten Island","Willowbrook","Willowbrook  Staten Island","257","38.5","38.9"
"2008","UHF 42","504","4","5","Staten Island","South Beach - Tottenville","South Beach - Tottenville  Staten Island","507","35.0","35.2"
"2008","UHF 42","403","4","4","Queens","Flushing - Clearview","Flushing - Clearview  Queens","554","26.3","26.0"
"2008","UHF 42","206","4","2","Brooklyn","Borough Park","Borough Park  Brooklyn","598","25.2","25.5"
"2008","UHF 42","305","4","3","Manhattan","Upper East Side","Upper East Side  Manhattan","451","23.6","25.5"
"2008","UHF 42","308","4","3","Manhattan","Greenwich Village - SoHo","Greenwich Village - SoHo  Manhattan","163","21.6","23.5"
"2008","UHF 42","209","4","2","Brooklyn","Bensonhurst - Bay Ridge","Bensonhurst - Bay Ridge  Brooklyn","367","21.9","22.2"
"2008","UHF 42","404","4","4","Queens","Bayside - Little Neck","Bayside - Little Neck  Queens","122","17.3","17.1"
"2007","UHF 42","107","4","1","Bronx","Hunts Point - Mott Haven","Hunts Point - Mott Haven  Bronx","3,119","346.4","341.1"
"2007","UHF 42","303","4","3","Manhattan","East Harlem","East Harlem  Manhattan","2,831","338.0","335.6"
"2007","UHF 42","105","4","1","Bronx","Crotona - Tremont","Crotona - Tremont  Bronx","4,576","329.5","323.2"
"2007","UHF 42","302","4","3","Manhattan","Central Harlem - Morningside Heights","Central Harlem - Morningside Heights  Manhattan","3,836","306.7","305.6"
"2007","UHF 42","106","4","1","Bronx","High Bridge - Morrisania","High Bridge - Morrisania  Bronx","3,990","286.9","278.5"
"2007","UHF 42","211","4","2","Brooklyn","Williamsburg - Bushwick","Williamsburg - Bushwick  Brooklyn","2,998","205.9","204.8"
"2007","UHF 42","203","4","2","Brooklyn","Bedford Stuyvesant - Crown Heights","Bedford Stuyvesant - Crown Heights  Brooklyn","4,347","186.8","184.5"
"2007","UHF 42","103","4","1","Bronx","Fordham - Bronx Pk","Fordham - Bronx Pk  Bronx","3,318","185.3","183.6"
"2007","UHF 42","204","4","2","Brooklyn","East New York","East New York  Brooklyn","2,222","174.8","169.8"
"2007","UHF 42","104","4","1","Bronx","Pelham - Throgs Neck","Pelham - Throgs Neck  Bronx","3,188","144.8","143.4"
"2007","UHF 42","501","4","5","Staten Island","Port Richmond","Port Richmond  Staten Island","610","126.6","122.5"
"2007","UHF 42","102","4","1","Bronx","Northeast Bronx","Northeast Bronx  Bronx","1,717","119.5","121.4"
"2007","UHF 42","301","4","3","Manhattan","Washington Heights","Washington Heights  Manhattan","2,076","103.2","102.6"
"2007","UHF 42","207","4","2","Brooklyn","East Flatbush - Flatbush","East Flatbush - Flatbush  Brooklyn","2,316","102.2","101.0"
"2007","UHF 42","202","4","2","Brooklyn","Downtown - Heights - Slope","Downtown - Heights - Slope  Brooklyn","1,633","92.7","96.5"
"2007","UHF 42","410","4","4","Queens","Rockaways","Rockaways  Queens","715","89.5","91.6"
"2007","UHF 42","502","4","5","Staten Island","Stapleton - St. George","Stapleton - St. George  Staten Island","764","82.6","83.2"
"2007","UHF 42","309","4","3","Manhattan","Union Square - Lower East Side","Union Square - Lower East Side  Manhattan","1,348","78.0","79.9"
"2007","UHF 42","205","4","2","Brooklyn","Sunset Park","Sunset Park  Brooklyn","719","76.8","79.3"
"2007","UHF 42","201","4","2","Brooklyn","Greenpoint","Greenpoint  Brooklyn","653","69.2","77.2"
"2007","UHF 42","408","4","4","Queens","Jamaica","Jamaica  Queens","1,597","74.9","74.6"
"2007","UHF 42","208","4","2","Brooklyn","Canarsie - Flatlands","Canarsie - Flatlands  Brooklyn","1,033","70.0","71.1"
"2007","UHF 42","101","4","1","Bronx","Kingsbridge - Riverdale","Kingsbridge - Riverdale  Bronx","485","67.1","69.7"
"2007","UHF 42","401","4","4","Queens","Long Island City - Astoria","Long Island City - Astoria  Queens","946","53.9","56.3"
"2007","UHF 42","409","4","4","Queens","Southeast Queens","Southeast Queens  Queens","814","54.5","55.8"
"2007","UHF 42","407","4","4","Queens","Southwest Queens","Southwest Queens  Queens","1,108","55.7","55.5"
"2007","UHF 42","304","4","3","Manhattan","Upper West Side","Upper West Side  Manhattan","996","52.5","54.6"
"2007","UHF 42","306","4","3","Manhattan","Chelsea - Clinton","Chelsea - Clinton  Manhattan","596","46.2","49.4"
"2007","UHF 42","210","4","2","Brooklyn","Coney Island - Sheepshead Bay","Coney Island - Sheepshead Bay  Brooklyn","1,037","45.0","46.9"
"2007","UHF 42","310","4","3","Manhattan","Lower Manhattan","Lower Manhattan  Manhattan","197","48.1","46.8"
"2007","UHF 42","307","4","3","Manhattan","Gramercy Park - Murray Hill","Gramercy Park - Murray Hill  Manhattan","494","40.3","44.4"
"2007","UHF 42","406","4","4","Queens","Fresh Meadows","Fresh Meadows  Queens","319","43.3","43.4"
"2007","UHF 42","503","4","5","Staten Island","Willowbrook","Willowbrook  Staten Island","231","34.8","36.5"
"2007","UHF 42","402","4","4","Queens","West Queens","West Queens  Queens","1,348","36.2","36.4"
"2007","UHF 42","504","4","5","Staten Island","South Beach - Tottenville","South Beach - Tottenville  Staten Island","500","34.9","35.2"
"2007","UHF 42","405","4","4","Queens","Ridgewood - Forest Hills","Ridgewood - Forest Hills  Queens","571","29.3","29.8"
"2007","UHF 42","209","4","2","Brooklyn","Bensonhurst - Bay Ridge","Bensonhurst - Bay Ridge  Brooklyn","444","27.0","27.5"
"2007","UHF 42","403","4","4","Queens","Flushing - Clearview","Flushing - Clearview  Queens","555","26.6","26.5"
"2007","UHF 42","206","4","2","Brooklyn","Borough Park","Borough Park  Brooklyn","583","24.8","25.2"
"2007","UHF 42","305","4","3","Manhattan","Upper East Side","Upper East Side  Manhattan","386","20.2","22.0"
"2007","UHF 42","308","4","3","Manhattan","Greenwich Village - SoHo","Greenwich Village - SoHo  Manhattan","143","19.0","20.1"
"2007","UHF 42","404","4","4","Queens","Bayside - Little Neck","Bayside - Little Neck  Queens","127","18.1","18.7"
"2006","UHF 42","303","4","3","Manhattan","East Harlem","East Harlem  Manhattan","2,857","342.7","342.7"
"2006","UHF 42","107","4","1","Bronx","Hunts Point - Mott Haven","Hunts Point - Mott Haven  Bronx","2,890","326.5","319.1"
"2006","UHF 42","105","4","1","Bronx","Crotona - Tremont","Crotona - Tremont  Bronx","4,294","312.0","304.2"
"2006","UHF 42","106","4","1","Bronx","High Bridge - Morrisania","High Bridge - Morrisania  Bronx","3,950","288.3","280.8"
"2006","UHF 42","302","4","3","Manhattan","Central Harlem - Morningside Heights","Central Harlem - Morningside Heights  Manhattan","3,439","277.5","274.4"
"2006","UHF 42","211","4","2","Brooklyn","Williamsburg - Bushwick","Williamsburg - Bushwick  Brooklyn","2,699","188.0","187.5"
"2006","UHF 42","103","4","1","Bronx","Fordham - Bronx Pk","Fordham - Bronx Pk  Bronx","3,142","176.7","174.5"
"2006","UHF 42","203","4","2","Brooklyn","Bedford Stuyvesant - Crown Heights","Bedford Stuyvesant - Crown Heights  Brooklyn","4,020","173.7","171.0"
"2006","UHF 42","204","4","2","Brooklyn","East New York","East New York  Brooklyn","2,180","173.2","166.9"
"2006","UHF 42","501","4","5","Staten Island","Port Richmond","Port Richmond  Staten Island","661","138.9","134.2"
"2006","UHF 42","104","4","1","Bronx","Pelham - Throgs Neck","Pelham - Throgs Neck  Bronx","2,863","131.0","129.3"
"2006","UHF 42","102","4","1","Bronx","Northeast Bronx","Northeast Bronx  Bronx","1,722","120.4","122.2"
"2006","UHF 42","207","4","2","Brooklyn","East Flatbush - Flatbush","East Flatbush - Flatbush  Brooklyn","2,353","103.5","102.5"
"2006","UHF 42","408","4","4","Queens","Jamaica","Jamaica  Queens","2,171","102.2","101.5"
"2006","UHF 42","202","4","2","Brooklyn","Downtown - Heights - Slope","Downtown - Heights - Slope  Brooklyn","1,696","97.1","100.3"
"2006","UHF 42","410","4","4","Queens","Rockaways","Rockaways  Queens","718","90.8","92.8"
"2006","UHF 42","502","4","5","Staten Island","Stapleton - St. George","Stapleton - St. George  Staten Island","798","86.9","86.8"
"2006","UHF 42","301","4","3","Manhattan","Washington Heights","Washington Heights  Manhattan","1,724","85.4","84.5"
"2006","UHF 42","205","4","2","Brooklyn","Sunset Park","Sunset Park  Brooklyn","722","78.0","81.0"
"2006","UHF 42","309","4","3","Manhattan","Union Square - Lower East Side","Union Square - Lower East Side  Manhattan","1,319","76.7","78.7"
"2006","UHF 42","208","4","2","Brooklyn","Canarsie - Flatlands","Canarsie - Flatlands  Brooklyn","1,113","75.7","78.1"
"2006","UHF 42","306","4","3","Manhattan","Chelsea - Clinton","Chelsea - Clinton  Manhattan","760","59.7","63.8"
"2006","UHF 42","201","4","2","Brooklyn","Greenpoint","Greenpoint  Brooklyn","533","57.4","63.0"
"2006","UHF 42","401","4","4","Queens","Long Island City - Astoria","Long Island City - Astoria  Queens","1,032","59.1","61.1"
"2006","UHF 42","409","4","4","Queens","Southeast Queens","Southeast Queens  Queens","885","59.3","60.3"
"2006","UHF 42","407","4","4","Queens","Southwest Queens","Southwest Queens  Queens","1,172","59.1","59.1"
"2006","UHF 42","101","4","1","Bronx","Kingsbridge - Riverdale","Kingsbridge - Riverdale  Bronx","395","55.0","57.5"
"2006","UHF 42","304","4","3","Manhattan","Upper West Side","Upper West Side  Manhattan","982","51.7","53.4"
"2006","UHF 42","310","4","3","Manhattan","Lower Manhattan","Lower Manhattan  Manhattan","191","49.0","49.7"
"2006","UHF 42","210","4","2","Brooklyn","Coney Island - Sheepshead Bay","Coney Island - Sheepshead Bay  Brooklyn","1,037","45.5","47.2"
"2006","UHF 42","307","4","3","Manhattan","Gramercy Park - Murray Hill","Gramercy Park - Murray Hill  Manhattan","509","41.9","46.0"
"2006","UHF 42","402","4","4","Queens","West Queens","West Queens  Queens","1,672","45.2","45.2"
"2006","UHF 42","406","4","4","Queens","Fresh Meadows","Fresh Meadows  Queens","308","42.2","42.4"
"2006","UHF 42","504","4","5","Staten Island","South Beach - Tottenville","South Beach - Tottenville  Staten Island","481","33.8","34.6"
"2006","UHF 42","503","4","5","Staten Island","Willowbrook","Willowbrook  Staten Island","219","33.1","33.9"
"2006","UHF 42","405","4","4","Queens","Ridgewood - Forest Hills","Ridgewood - Forest Hills  Queens","642","33.0","33.7"
"2006","UHF 42","206","4","2","Brooklyn","Borough Park","Borough Park  Brooklyn","579","24.9","25.5"
"2006","UHF 42","209","4","2","Brooklyn","Bensonhurst - Bay Ridge","Bensonhurst - Bay Ridge  Brooklyn","394","24.3","24.7"
"2006","UHF 42","403","4","4","Queens","Flushing - Clearview","Flushing - Clearview  Queens","512","24.7","24.6"
"2006","UHF 42","305","4","3","Manhattan","Upper East Side","Upper East Side  Manhattan","426","22.3","24.5"
"2006","UHF 42","308","4","3","Manhattan","Greenwich Village - SoHo","Greenwich Village - SoHo  Manhattan","141","18.7","19.4"
"2006","UHF 42","404","4","4","Queens","Bayside - Little Neck","Bayside - Little Neck  Queens","125","17.9","17.4"
"2005","UHF 42","105","4","1","Bronx","Crotona - Tremont","Crotona - Tremont  Bronx","4,213","306.9","300.1"
"2005","UHF 42","302","4","3","Manhattan","Central Harlem - Morningside Heights","Central Harlem - Morningside Heights  Manhattan","3,556","290.6","286.4"
"2005","UHF 42","107","4","1","Bronx","Hunts Point - Mott Haven","Hunts Point - Mott Haven  Bronx","2,518","287.4","280.0"
"2005","UHF 42","303","4","3","Manhattan","East Harlem","East Harlem  Manhattan","2,304","278.2","276.5"
"2005","UHF 42","106","4","1","Bronx","High Bridge - Morrisania","High Bridge - Morrisania  Bronx","3,504","257.9","250.7"
"2005","UHF 42","211","4","2","Brooklyn","Williamsburg - Bushwick","Williamsburg - Bushwick  Brooklyn","3,193","224.6","225.3"
"2005","UHF 42","203","4","2","Brooklyn","Bedford Stuyvesant - Crown Heights","Bedford Stuyvesant - Crown Heights  Brooklyn","4,561","197.6","195.1"
"2005","UHF 42","204","4","2","Brooklyn","East New York","East New York  Brooklyn","2,143","171.4","166.3"
"2005","UHF 42","103","4","1","Bronx","Fordham - Bronx Pk","Fordham - Bronx Pk  Bronx","2,762","155.4","151.4"
"2005","UHF 42","501","4","5","Staten Island","Port Richmond","Port Richmond  Staten Island","580","123.3","117.0"
"2005","UHF 42","104","4","1","Bronx","Pelham - Throgs Neck","Pelham - Throgs Neck  Bronx","2,562","117.3","116.2"
"2005","UHF 42","102","4","1","Bronx","Northeast Bronx","Northeast Bronx  Bronx","1,604","112.0","115.7"
"2005","UHF 42","301","4","3","Manhattan","Washington Heights","Washington Heights  Manhattan","2,001","98.9","97.7"
"2005","UHF 42","207","4","2","Brooklyn","East Flatbush - Flatbush","East Flatbush - Flatbush  Brooklyn","2,272","99.3","97.5"
"2005","UHF 42","202","4","2","Brooklyn","Downtown - Heights - Slope","Downtown - Heights - Slope  Brooklyn","1,650","94.6","97.4"
"2005","UHF 42","410","4","4","Queens","Rockaways","Rockaways  Queens","746","94.8","96.9"
"2005","UHF 42","205","4","2","Brooklyn","Sunset Park","Sunset Park  Brooklyn","826","89.7","95.6"
"2005","UHF 42","408","4","4","Queens","Jamaica","Jamaica  Queens","1,931","90.9","90.8"
"2005","UHF 42","502","4","5","Staten Island","Stapleton - St. George","Stapleton - St. George  Staten Island","740","81.1","81.3"
"2005","UHF 42","304","4","3","Manhattan","Upper West Side","Upper West Side  Manhattan","1,291","67.9","70.3"
"2005","UHF 42","309","4","3","Manhattan","Union Square - Lower East Side","Union Square - Lower East Side  Manhattan","1,172","68.5","70.2"
"2005","UHF 42","208","4","2","Brooklyn","Canarsie - Flatlands","Canarsie - Flatlands  Brooklyn","945","64.2","65.2"
"2005","UHF 42","201","4","2","Brooklyn","Greenpoint","Greenpoint  Brooklyn","552","59.8","63.8"
"2005","UHF 42","306","4","3","Manhattan","Chelsea - Clinton","Chelsea - Clinton  Manhattan","725","57.8","60.6"
"2005","UHF 42","407","4","4","Queens","Southwest Queens","Southwest Queens  Queens","1,126","56.6","56.5"
"2005","UHF 42","401","4","4","Queens","Long Island City - Astoria","Long Island City - Astoria  Queens","928","53.1","54.5"
"2005","UHF 42","101","4","1","Bronx","Kingsbridge - Riverdale","Kingsbridge - Riverdale  Bronx","376","52.2","54.1"
"2005","UHF 42","409","4","4","Queens","Southeast Queens","Southeast Queens  Queens","771","51.4","52.6"
"2005","UHF 42","310","4","3","Manhattan","Lower Manhattan","Lower Manhattan  Manhattan","166","45.0","47.3"
"2005","UHF 42","405","4","4","Queens","Ridgewood - Forest Hills","Ridgewood - Forest Hills  Queens","837","42.9","43.3"
"2005","UHF 42","402","4","4","Queens","West Queens","West Queens  Queens","1,530","41.3","41.6"
"2005","UHF 42","406","4","4","Queens","Fresh Meadows","Fresh Meadows  Queens","275","37.7","38.3"
"2005","UHF 42","210","4","2","Brooklyn","Coney Island - Sheepshead Bay","Coney Island - Sheepshead Bay  Brooklyn","806","35.4","37.8"
"2005","UHF 42","307","4","3","Manhattan","Gramercy Park - Murray Hill","Gramercy Park - Murray Hill  Manhattan","410","34.0","37.7"
"2005","UHF 42","503","4","5","Staten Island","Willowbrook","Willowbrook  Staten Island","238","36.0","36.4"
"2005","UHF 42","504","4","5","Staten Island","South Beach - Tottenville","South Beach - Tottenville  Staten Island","448","31.6","31.9"
"2005","UHF 42","209","4","2","Brooklyn","Bensonhurst - Bay Ridge","Bensonhurst - Bay Ridge  Brooklyn","401","24.8","25.1"
"2005","UHF 42","206","4","2","Brooklyn","Borough Park","Borough Park  Brooklyn","567","24.4","24.9"
"2005","UHF 42","305","4","3","Manhattan","Upper East Side","Upper East Side  Manhattan","397","20.7","22.1"
"2005","UHF 42","403","4","4","Queens","Flushing - Clearview","Flushing - Clearview  Queens","438","21.1","21.6"
"2005","UHF 42","308","4","3","Manhattan","Greenwich Village - SoHo","Greenwich Village - SoHo  Manhattan","129","17.1","17.6"
"2005","UHF 42","404","4","4","Queens","Bayside - Little Neck","Bayside - Little Neck  Queens","106","15.2","16.3"